#
# TABLE STRUCTURE FOR: communities
#

DROP TABLE IF EXISTS `communities`;

CREATE TABLE `communities` (
  `id` bigint(20) unsigned NOT NULL AUTO_INCREMENT,
  `name` varchar(150) COLLATE utf8mb4_unicode_ci DEFAULT NULL,
  `admin_user_id` bigint(20) unsigned NOT NULL,
  UNIQUE KEY `id` (`id`),
  KEY `communities_name_idx` (`name`),
  KEY `admin_user_id` (`admin_user_id`),
  CONSTRAINT `communities_ibfk_1` FOREIGN KEY (`admin_user_id`) REFERENCES `users` (`id`)
) ENGINE=InnoDB AUTO_INCREMENT=201 DEFAULT CHARSET=utf8mb4 COLLATE=utf8mb4_unicode_ci;

INSERT INTO `communities` (`id`, `name`, `admin_user_id`) VALUES ('1', 'commodi', '201');
INSERT INTO `communities` (`id`, `name`, `admin_user_id`) VALUES ('2', 'natus', '202');
INSERT INTO `communities` (`id`, `name`, `admin_user_id`) VALUES ('3', 'modi', '204');
INSERT INTO `communities` (`id`, `name`, `admin_user_id`) VALUES ('4', 'odit', '206');
INSERT INTO `communities` (`id`, `name`, `admin_user_id`) VALUES ('5', 'aut', '208');
INSERT INTO `communities` (`id`, `name`, `admin_user_id`) VALUES ('6', 'autem', '210');
INSERT INTO `communities` (`id`, `name`, `admin_user_id`) VALUES ('7', 'ipsa', '211');
INSERT INTO `communities` (`id`, `name`, `admin_user_id`) VALUES ('8', 'rerum', '213');
INSERT INTO `communities` (`id`, `name`, `admin_user_id`) VALUES ('9', 'fugiat', '214');
INSERT INTO `communities` (`id`, `name`, `admin_user_id`) VALUES ('10', 'doloremque', '217');
INSERT INTO `communities` (`id`, `name`, `admin_user_id`) VALUES ('11', 'recusandae', '218');
INSERT INTO `communities` (`id`, `name`, `admin_user_id`) VALUES ('12', 'ut', '220');
INSERT INTO `communities` (`id`, `name`, `admin_user_id`) VALUES ('13', 'atque', '223');
INSERT INTO `communities` (`id`, `name`, `admin_user_id`) VALUES ('14', 'cupiditate', '224');
INSERT INTO `communities` (`id`, `name`, `admin_user_id`) VALUES ('15', 'a', '226');
INSERT INTO `communities` (`id`, `name`, `admin_user_id`) VALUES ('16', 'reiciendis', '227');
INSERT INTO `communities` (`id`, `name`, `admin_user_id`) VALUES ('17', 'velit', '228');
INSERT INTO `communities` (`id`, `name`, `admin_user_id`) VALUES ('18', 'praesentium', '229');
INSERT INTO `communities` (`id`, `name`, `admin_user_id`) VALUES ('19', 'corporis', '231');
INSERT INTO `communities` (`id`, `name`, `admin_user_id`) VALUES ('20', 'aliquam', '233');
INSERT INTO `communities` (`id`, `name`, `admin_user_id`) VALUES ('21', 'neque', '234');
INSERT INTO `communities` (`id`, `name`, `admin_user_id`) VALUES ('22', 'rem', '235');
INSERT INTO `communities` (`id`, `name`, `admin_user_id`) VALUES ('23', 'dignissimos', '236');
INSERT INTO `communities` (`id`, `name`, `admin_user_id`) VALUES ('24', 'aperiam', '238');
INSERT INTO `communities` (`id`, `name`, `admin_user_id`) VALUES ('25', 'nam', '239');
INSERT INTO `communities` (`id`, `name`, `admin_user_id`) VALUES ('26', 'alias', '241');
INSERT INTO `communities` (`id`, `name`, `admin_user_id`) VALUES ('27', 'incidunt', '242');
INSERT INTO `communities` (`id`, `name`, `admin_user_id`) VALUES ('28', 'mollitia', '244');
INSERT INTO `communities` (`id`, `name`, `admin_user_id`) VALUES ('29', 'id', '245');
INSERT INTO `communities` (`id`, `name`, `admin_user_id`) VALUES ('30', 'deserunt', '246');
INSERT INTO `communities` (`id`, `name`, `admin_user_id`) VALUES ('31', 'dolore', '248');
INSERT INTO `communities` (`id`, `name`, `admin_user_id`) VALUES ('32', 'magnam', '249');
INSERT INTO `communities` (`id`, `name`, `admin_user_id`) VALUES ('33', 'distinctio', '251');
INSERT INTO `communities` (`id`, `name`, `admin_user_id`) VALUES ('34', 'soluta', '253');
INSERT INTO `communities` (`id`, `name`, `admin_user_id`) VALUES ('35', 'dicta', '254');
INSERT INTO `communities` (`id`, `name`, `admin_user_id`) VALUES ('36', 'numquam', '256');
INSERT INTO `communities` (`id`, `name`, `admin_user_id`) VALUES ('37', 'aut', '257');
INSERT INTO `communities` (`id`, `name`, `admin_user_id`) VALUES ('38', 'consequatur', '258');
INSERT INTO `communities` (`id`, `name`, `admin_user_id`) VALUES ('39', 'ex', '259');
INSERT INTO `communities` (`id`, `name`, `admin_user_id`) VALUES ('40', 'et', '261');
INSERT INTO `communities` (`id`, `name`, `admin_user_id`) VALUES ('41', 'sunt', '262');
INSERT INTO `communities` (`id`, `name`, `admin_user_id`) VALUES ('42', 'deserunt', '264');
INSERT INTO `communities` (`id`, `name`, `admin_user_id`) VALUES ('43', 'aut', '266');
INSERT INTO `communities` (`id`, `name`, `admin_user_id`) VALUES ('44', 'iure', '268');
INSERT INTO `communities` (`id`, `name`, `admin_user_id`) VALUES ('45', 'molestiae', '269');
INSERT INTO `communities` (`id`, `name`, `admin_user_id`) VALUES ('46', 'veniam', '270');
INSERT INTO `communities` (`id`, `name`, `admin_user_id`) VALUES ('47', 'quaerat', '271');
INSERT INTO `communities` (`id`, `name`, `admin_user_id`) VALUES ('48', 'ex', '272');
INSERT INTO `communities` (`id`, `name`, `admin_user_id`) VALUES ('49', 'quidem', '274');
INSERT INTO `communities` (`id`, `name`, `admin_user_id`) VALUES ('50', 'adipisci', '275');
INSERT INTO `communities` (`id`, `name`, `admin_user_id`) VALUES ('51', 'voluptatibus', '279');
INSERT INTO `communities` (`id`, `name`, `admin_user_id`) VALUES ('52', 'est', '280');
INSERT INTO `communities` (`id`, `name`, `admin_user_id`) VALUES ('53', 'aperiam', '281');
INSERT INTO `communities` (`id`, `name`, `admin_user_id`) VALUES ('54', 'ad', '285');
INSERT INTO `communities` (`id`, `name`, `admin_user_id`) VALUES ('55', 'temporibus', '289');
INSERT INTO `communities` (`id`, `name`, `admin_user_id`) VALUES ('56', 'dolore', '292');
INSERT INTO `communities` (`id`, `name`, `admin_user_id`) VALUES ('57', 'qui', '294');
INSERT INTO `communities` (`id`, `name`, `admin_user_id`) VALUES ('58', 'id', '295');
INSERT INTO `communities` (`id`, `name`, `admin_user_id`) VALUES ('59', 'rerum', '296');
INSERT INTO `communities` (`id`, `name`, `admin_user_id`) VALUES ('60', 'dolorem', '297');
INSERT INTO `communities` (`id`, `name`, `admin_user_id`) VALUES ('61', 'id', '298');
INSERT INTO `communities` (`id`, `name`, `admin_user_id`) VALUES ('62', 'neque', '299');
INSERT INTO `communities` (`id`, `name`, `admin_user_id`) VALUES ('63', 'rerum', '300');
INSERT INTO `communities` (`id`, `name`, `admin_user_id`) VALUES ('64', 'debitis', '301');
INSERT INTO `communities` (`id`, `name`, `admin_user_id`) VALUES ('65', 'hic', '302');
INSERT INTO `communities` (`id`, `name`, `admin_user_id`) VALUES ('66', 'voluptate', '304');
INSERT INTO `communities` (`id`, `name`, `admin_user_id`) VALUES ('67', 'enim', '305');
INSERT INTO `communities` (`id`, `name`, `admin_user_id`) VALUES ('68', 'sit', '306');
INSERT INTO `communities` (`id`, `name`, `admin_user_id`) VALUES ('69', 'voluptas', '307');
INSERT INTO `communities` (`id`, `name`, `admin_user_id`) VALUES ('70', 'dolor', '308');
INSERT INTO `communities` (`id`, `name`, `admin_user_id`) VALUES ('71', 'error', '311');
INSERT INTO `communities` (`id`, `name`, `admin_user_id`) VALUES ('72', 'nam', '314');
INSERT INTO `communities` (`id`, `name`, `admin_user_id`) VALUES ('73', 'exercitationem', '315');
INSERT INTO `communities` (`id`, `name`, `admin_user_id`) VALUES ('74', 'ex', '316');
INSERT INTO `communities` (`id`, `name`, `admin_user_id`) VALUES ('75', 'ex', '317');
INSERT INTO `communities` (`id`, `name`, `admin_user_id`) VALUES ('76', 'reiciendis', '318');
INSERT INTO `communities` (`id`, `name`, `admin_user_id`) VALUES ('77', 'molestias', '319');
INSERT INTO `communities` (`id`, `name`, `admin_user_id`) VALUES ('78', 'doloribus', '321');
INSERT INTO `communities` (`id`, `name`, `admin_user_id`) VALUES ('79', 'est', '325');
INSERT INTO `communities` (`id`, `name`, `admin_user_id`) VALUES ('80', 'nihil', '326');
INSERT INTO `communities` (`id`, `name`, `admin_user_id`) VALUES ('81', 'ut', '327');
INSERT INTO `communities` (`id`, `name`, `admin_user_id`) VALUES ('82', 'voluptatem', '329');
INSERT INTO `communities` (`id`, `name`, `admin_user_id`) VALUES ('83', 'doloribus', '336');
INSERT INTO `communities` (`id`, `name`, `admin_user_id`) VALUES ('84', 'culpa', '337');
INSERT INTO `communities` (`id`, `name`, `admin_user_id`) VALUES ('85', 'iusto', '338');
INSERT INTO `communities` (`id`, `name`, `admin_user_id`) VALUES ('86', 'dolor', '339');
INSERT INTO `communities` (`id`, `name`, `admin_user_id`) VALUES ('87', 'perspiciatis', '340');
INSERT INTO `communities` (`id`, `name`, `admin_user_id`) VALUES ('88', 'corporis', '341');
INSERT INTO `communities` (`id`, `name`, `admin_user_id`) VALUES ('89', 'suscipit', '343');
INSERT INTO `communities` (`id`, `name`, `admin_user_id`) VALUES ('90', 'facilis', '344');
INSERT INTO `communities` (`id`, `name`, `admin_user_id`) VALUES ('91', 'porro', '345');
INSERT INTO `communities` (`id`, `name`, `admin_user_id`) VALUES ('92', 'nobis', '347');
INSERT INTO `communities` (`id`, `name`, `admin_user_id`) VALUES ('93', 'reiciendis', '348');
INSERT INTO `communities` (`id`, `name`, `admin_user_id`) VALUES ('94', 'et', '350');
INSERT INTO `communities` (`id`, `name`, `admin_user_id`) VALUES ('95', 'nesciunt', '351');
INSERT INTO `communities` (`id`, `name`, `admin_user_id`) VALUES ('96', 'nihil', '352');
INSERT INTO `communities` (`id`, `name`, `admin_user_id`) VALUES ('97', 'nam', '357');
INSERT INTO `communities` (`id`, `name`, `admin_user_id`) VALUES ('98', 'iusto', '358');
INSERT INTO `communities` (`id`, `name`, `admin_user_id`) VALUES ('99', 'consequatur', '361');
INSERT INTO `communities` (`id`, `name`, `admin_user_id`) VALUES ('100', 'qui', '363');
INSERT INTO `communities` (`id`, `name`, `admin_user_id`) VALUES ('101', 'sunt', '364');
INSERT INTO `communities` (`id`, `name`, `admin_user_id`) VALUES ('102', 'qui', '366');
INSERT INTO `communities` (`id`, `name`, `admin_user_id`) VALUES ('103', 'voluptatem', '367');
INSERT INTO `communities` (`id`, `name`, `admin_user_id`) VALUES ('104', 'repellendus', '368');
INSERT INTO `communities` (`id`, `name`, `admin_user_id`) VALUES ('105', 'consectetur', '369');
INSERT INTO `communities` (`id`, `name`, `admin_user_id`) VALUES ('106', 'in', '372');
INSERT INTO `communities` (`id`, `name`, `admin_user_id`) VALUES ('107', 'asperiores', '373');
INSERT INTO `communities` (`id`, `name`, `admin_user_id`) VALUES ('108', 'repellat', '375');
INSERT INTO `communities` (`id`, `name`, `admin_user_id`) VALUES ('109', 'atque', '378');
INSERT INTO `communities` (`id`, `name`, `admin_user_id`) VALUES ('110', 'saepe', '380');
INSERT INTO `communities` (`id`, `name`, `admin_user_id`) VALUES ('111', 'magni', '381');
INSERT INTO `communities` (`id`, `name`, `admin_user_id`) VALUES ('112', 'esse', '385');
INSERT INTO `communities` (`id`, `name`, `admin_user_id`) VALUES ('113', 'officiis', '386');
INSERT INTO `communities` (`id`, `name`, `admin_user_id`) VALUES ('114', 'et', '388');
INSERT INTO `communities` (`id`, `name`, `admin_user_id`) VALUES ('115', 'rerum', '391');
INSERT INTO `communities` (`id`, `name`, `admin_user_id`) VALUES ('116', 'dolorum', '392');
INSERT INTO `communities` (`id`, `name`, `admin_user_id`) VALUES ('117', 'reprehenderit', '393');
INSERT INTO `communities` (`id`, `name`, `admin_user_id`) VALUES ('118', 'adipisci', '395');
INSERT INTO `communities` (`id`, `name`, `admin_user_id`) VALUES ('119', 'nesciunt', '396');
INSERT INTO `communities` (`id`, `name`, `admin_user_id`) VALUES ('120', 'tempora', '201');
INSERT INTO `communities` (`id`, `name`, `admin_user_id`) VALUES ('121', 'cupiditate', '202');
INSERT INTO `communities` (`id`, `name`, `admin_user_id`) VALUES ('122', 'nisi', '204');
INSERT INTO `communities` (`id`, `name`, `admin_user_id`) VALUES ('123', 'quo', '206');
INSERT INTO `communities` (`id`, `name`, `admin_user_id`) VALUES ('124', 'voluptas', '208');
INSERT INTO `communities` (`id`, `name`, `admin_user_id`) VALUES ('125', 'omnis', '210');
INSERT INTO `communities` (`id`, `name`, `admin_user_id`) VALUES ('126', 'voluptas', '211');
INSERT INTO `communities` (`id`, `name`, `admin_user_id`) VALUES ('127', 'ut', '213');
INSERT INTO `communities` (`id`, `name`, `admin_user_id`) VALUES ('128', 'a', '214');
INSERT INTO `communities` (`id`, `name`, `admin_user_id`) VALUES ('129', 'aut', '217');
INSERT INTO `communities` (`id`, `name`, `admin_user_id`) VALUES ('130', 'officia', '218');
INSERT INTO `communities` (`id`, `name`, `admin_user_id`) VALUES ('131', 'exercitationem', '220');
INSERT INTO `communities` (`id`, `name`, `admin_user_id`) VALUES ('132', 'dignissimos', '223');
INSERT INTO `communities` (`id`, `name`, `admin_user_id`) VALUES ('133', 'et', '224');
INSERT INTO `communities` (`id`, `name`, `admin_user_id`) VALUES ('134', 'velit', '226');
INSERT INTO `communities` (`id`, `name`, `admin_user_id`) VALUES ('135', 'reprehenderit', '227');
INSERT INTO `communities` (`id`, `name`, `admin_user_id`) VALUES ('136', 'voluptatem', '228');
INSERT INTO `communities` (`id`, `name`, `admin_user_id`) VALUES ('137', 'quidem', '229');
INSERT INTO `communities` (`id`, `name`, `admin_user_id`) VALUES ('138', 'unde', '231');
INSERT INTO `communities` (`id`, `name`, `admin_user_id`) VALUES ('139', 'omnis', '233');
INSERT INTO `communities` (`id`, `name`, `admin_user_id`) VALUES ('140', 'facere', '234');
INSERT INTO `communities` (`id`, `name`, `admin_user_id`) VALUES ('141', 'ad', '235');
INSERT INTO `communities` (`id`, `name`, `admin_user_id`) VALUES ('142', 'consequatur', '236');
INSERT INTO `communities` (`id`, `name`, `admin_user_id`) VALUES ('143', 'iure', '238');
INSERT INTO `communities` (`id`, `name`, `admin_user_id`) VALUES ('144', 'voluptates', '239');
INSERT INTO `communities` (`id`, `name`, `admin_user_id`) VALUES ('145', 'iusto', '241');
INSERT INTO `communities` (`id`, `name`, `admin_user_id`) VALUES ('146', 'reiciendis', '242');
INSERT INTO `communities` (`id`, `name`, `admin_user_id`) VALUES ('147', 'vel', '244');
INSERT INTO `communities` (`id`, `name`, `admin_user_id`) VALUES ('148', 'magnam', '245');
INSERT INTO `communities` (`id`, `name`, `admin_user_id`) VALUES ('149', 'sint', '246');
INSERT INTO `communities` (`id`, `name`, `admin_user_id`) VALUES ('150', 'omnis', '248');
INSERT INTO `communities` (`id`, `name`, `admin_user_id`) VALUES ('151', 'quis', '249');
INSERT INTO `communities` (`id`, `name`, `admin_user_id`) VALUES ('152', 'rerum', '251');
INSERT INTO `communities` (`id`, `name`, `admin_user_id`) VALUES ('153', 'et', '253');
INSERT INTO `communities` (`id`, `name`, `admin_user_id`) VALUES ('154', 'eum', '254');
INSERT INTO `communities` (`id`, `name`, `admin_user_id`) VALUES ('155', 'ea', '256');
INSERT INTO `communities` (`id`, `name`, `admin_user_id`) VALUES ('156', 'adipisci', '257');
INSERT INTO `communities` (`id`, `name`, `admin_user_id`) VALUES ('157', 'saepe', '258');
INSERT INTO `communities` (`id`, `name`, `admin_user_id`) VALUES ('158', 'officia', '259');
INSERT INTO `communities` (`id`, `name`, `admin_user_id`) VALUES ('159', 'ipsum', '261');
INSERT INTO `communities` (`id`, `name`, `admin_user_id`) VALUES ('160', 'laborum', '262');
INSERT INTO `communities` (`id`, `name`, `admin_user_id`) VALUES ('161', 'voluptas', '264');
INSERT INTO `communities` (`id`, `name`, `admin_user_id`) VALUES ('162', 'rerum', '266');
INSERT INTO `communities` (`id`, `name`, `admin_user_id`) VALUES ('163', 'consequuntur', '268');
INSERT INTO `communities` (`id`, `name`, `admin_user_id`) VALUES ('164', 'aut', '269');
INSERT INTO `communities` (`id`, `name`, `admin_user_id`) VALUES ('165', 'nulla', '270');
INSERT INTO `communities` (`id`, `name`, `admin_user_id`) VALUES ('166', 'perspiciatis', '271');
INSERT INTO `communities` (`id`, `name`, `admin_user_id`) VALUES ('167', 'rerum', '272');
INSERT INTO `communities` (`id`, `name`, `admin_user_id`) VALUES ('168', 'fugiat', '274');
INSERT INTO `communities` (`id`, `name`, `admin_user_id`) VALUES ('169', 'beatae', '275');
INSERT INTO `communities` (`id`, `name`, `admin_user_id`) VALUES ('170', 'iste', '279');
INSERT INTO `communities` (`id`, `name`, `admin_user_id`) VALUES ('171', 'nemo', '280');
INSERT INTO `communities` (`id`, `name`, `admin_user_id`) VALUES ('172', 'ratione', '281');
INSERT INTO `communities` (`id`, `name`, `admin_user_id`) VALUES ('173', 'nihil', '285');
INSERT INTO `communities` (`id`, `name`, `admin_user_id`) VALUES ('174', 'magni', '289');
INSERT INTO `communities` (`id`, `name`, `admin_user_id`) VALUES ('175', 'molestiae', '292');
INSERT INTO `communities` (`id`, `name`, `admin_user_id`) VALUES ('176', 'aut', '294');
INSERT INTO `communities` (`id`, `name`, `admin_user_id`) VALUES ('177', 'dignissimos', '295');
INSERT INTO `communities` (`id`, `name`, `admin_user_id`) VALUES ('178', 'asperiores', '296');
INSERT INTO `communities` (`id`, `name`, `admin_user_id`) VALUES ('179', 'labore', '297');
INSERT INTO `communities` (`id`, `name`, `admin_user_id`) VALUES ('180', 'non', '298');
INSERT INTO `communities` (`id`, `name`, `admin_user_id`) VALUES ('181', 'voluptatem', '299');
INSERT INTO `communities` (`id`, `name`, `admin_user_id`) VALUES ('182', 'magnam', '300');
INSERT INTO `communities` (`id`, `name`, `admin_user_id`) VALUES ('183', 'et', '301');
INSERT INTO `communities` (`id`, `name`, `admin_user_id`) VALUES ('184', 'velit', '302');
INSERT INTO `communities` (`id`, `name`, `admin_user_id`) VALUES ('185', 'provident', '304');
INSERT INTO `communities` (`id`, `name`, `admin_user_id`) VALUES ('186', 'dolore', '305');
INSERT INTO `communities` (`id`, `name`, `admin_user_id`) VALUES ('187', 'libero', '306');
INSERT INTO `communities` (`id`, `name`, `admin_user_id`) VALUES ('188', 'vel', '307');
INSERT INTO `communities` (`id`, `name`, `admin_user_id`) VALUES ('189', 'mollitia', '308');
INSERT INTO `communities` (`id`, `name`, `admin_user_id`) VALUES ('190', 'accusamus', '311');
INSERT INTO `communities` (`id`, `name`, `admin_user_id`) VALUES ('191', 'minus', '314');
INSERT INTO `communities` (`id`, `name`, `admin_user_id`) VALUES ('192', 'reiciendis', '315');
INSERT INTO `communities` (`id`, `name`, `admin_user_id`) VALUES ('193', 'consequuntur', '316');
INSERT INTO `communities` (`id`, `name`, `admin_user_id`) VALUES ('194', 'assumenda', '317');
INSERT INTO `communities` (`id`, `name`, `admin_user_id`) VALUES ('195', 'omnis', '318');
INSERT INTO `communities` (`id`, `name`, `admin_user_id`) VALUES ('196', 'ea', '319');
INSERT INTO `communities` (`id`, `name`, `admin_user_id`) VALUES ('197', 'dolor', '321');
INSERT INTO `communities` (`id`, `name`, `admin_user_id`) VALUES ('198', 'voluptas', '325');
INSERT INTO `communities` (`id`, `name`, `admin_user_id`) VALUES ('199', 'est', '326');
INSERT INTO `communities` (`id`, `name`, `admin_user_id`) VALUES ('200', 'tempore', '327');


#
# TABLE STRUCTURE FOR: friend_requests
#

DROP TABLE IF EXISTS `friend_requests`;

CREATE TABLE `friend_requests` (
  `initiator_user_id` bigint(20) unsigned NOT NULL,
  `target_user_id` bigint(20) unsigned NOT NULL,
  `status` enum('requested','approved','declined','unfriended') COLLATE utf8mb4_unicode_ci DEFAULT NULL,
  `requested_at` datetime DEFAULT current_timestamp(),
  `updated_at` datetime DEFAULT NULL ON UPDATE current_timestamp(),
  PRIMARY KEY (`initiator_user_id`,`target_user_id`),
  KEY `target_user_id` (`target_user_id`),
  CONSTRAINT `friend_requests_ibfk_1` FOREIGN KEY (`initiator_user_id`) REFERENCES `users` (`id`),
  CONSTRAINT `friend_requests_ibfk_2` FOREIGN KEY (`target_user_id`) REFERENCES `users` (`id`),
  CONSTRAINT `CONSTRAINT_1` CHECK (`initiator_user_id` <> `target_user_id`)
) ENGINE=InnoDB DEFAULT CHARSET=utf8mb4 COLLATE=utf8mb4_unicode_ci;

#
# TABLE STRUCTURE FOR: likes
#

DROP TABLE IF EXISTS `likes`;

CREATE TABLE `likes` (
  `id` bigint(20) unsigned NOT NULL AUTO_INCREMENT,
  `user_id` bigint(20) unsigned NOT NULL,
  `media_id` bigint(20) unsigned NOT NULL,
  `created_at` datetime DEFAULT current_timestamp(),
  UNIQUE KEY `id` (`id`),
  KEY `likes_fk` (`media_id`),
  KEY `likes_fk_1` (`user_id`),
  CONSTRAINT `likes_fk` FOREIGN KEY (`media_id`) REFERENCES `media` (`id`),
  CONSTRAINT `likes_fk_1` FOREIGN KEY (`user_id`) REFERENCES `users` (`id`)
) ENGINE=InnoDB AUTO_INCREMENT=201 DEFAULT CHARSET=utf8mb4 COLLATE=utf8mb4_unicode_ci;

INSERT INTO `likes` (`id`, `user_id`, `media_id`, `created_at`) VALUES ('1', '201', '1', '1988-03-25 09:21:48');
INSERT INTO `likes` (`id`, `user_id`, `media_id`, `created_at`) VALUES ('2', '202', '2', '2011-10-30 08:11:43');
INSERT INTO `likes` (`id`, `user_id`, `media_id`, `created_at`) VALUES ('3', '204', '3', '1984-12-19 09:23:39');
INSERT INTO `likes` (`id`, `user_id`, `media_id`, `created_at`) VALUES ('4', '206', '4', '1993-12-09 08:16:31');
INSERT INTO `likes` (`id`, `user_id`, `media_id`, `created_at`) VALUES ('5', '208', '5', '2012-04-27 11:34:09');
INSERT INTO `likes` (`id`, `user_id`, `media_id`, `created_at`) VALUES ('6', '210', '6', '1992-05-04 20:48:02');
INSERT INTO `likes` (`id`, `user_id`, `media_id`, `created_at`) VALUES ('7', '211', '7', '1974-12-07 21:01:32');
INSERT INTO `likes` (`id`, `user_id`, `media_id`, `created_at`) VALUES ('8', '213', '8', '1984-12-18 13:05:58');
INSERT INTO `likes` (`id`, `user_id`, `media_id`, `created_at`) VALUES ('9', '214', '9', '1998-03-26 11:33:55');
INSERT INTO `likes` (`id`, `user_id`, `media_id`, `created_at`) VALUES ('10', '217', '10', '1976-03-23 10:29:08');
INSERT INTO `likes` (`id`, `user_id`, `media_id`, `created_at`) VALUES ('11', '218', '11', '1972-09-08 15:45:13');
INSERT INTO `likes` (`id`, `user_id`, `media_id`, `created_at`) VALUES ('12', '220', '12', '1993-04-05 12:59:41');
INSERT INTO `likes` (`id`, `user_id`, `media_id`, `created_at`) VALUES ('13', '223', '13', '1985-08-19 14:37:17');
INSERT INTO `likes` (`id`, `user_id`, `media_id`, `created_at`) VALUES ('14', '224', '14', '2010-08-31 09:21:08');
INSERT INTO `likes` (`id`, `user_id`, `media_id`, `created_at`) VALUES ('15', '226', '15', '1981-03-07 18:31:51');
INSERT INTO `likes` (`id`, `user_id`, `media_id`, `created_at`) VALUES ('16', '227', '16', '2013-10-25 18:07:19');
INSERT INTO `likes` (`id`, `user_id`, `media_id`, `created_at`) VALUES ('17', '228', '17', '2007-11-06 03:39:04');
INSERT INTO `likes` (`id`, `user_id`, `media_id`, `created_at`) VALUES ('18', '229', '18', '2000-07-26 07:38:01');
INSERT INTO `likes` (`id`, `user_id`, `media_id`, `created_at`) VALUES ('19', '231', '19', '2004-09-10 12:28:10');
INSERT INTO `likes` (`id`, `user_id`, `media_id`, `created_at`) VALUES ('20', '233', '20', '1982-08-21 01:48:52');
INSERT INTO `likes` (`id`, `user_id`, `media_id`, `created_at`) VALUES ('21', '234', '21', '1977-07-09 11:28:20');
INSERT INTO `likes` (`id`, `user_id`, `media_id`, `created_at`) VALUES ('22', '235', '22', '1984-07-13 19:33:45');
INSERT INTO `likes` (`id`, `user_id`, `media_id`, `created_at`) VALUES ('23', '236', '23', '1986-11-03 03:45:55');
INSERT INTO `likes` (`id`, `user_id`, `media_id`, `created_at`) VALUES ('24', '238', '24', '1976-11-15 12:07:05');
INSERT INTO `likes` (`id`, `user_id`, `media_id`, `created_at`) VALUES ('25', '239', '25', '1970-02-11 04:35:17');
INSERT INTO `likes` (`id`, `user_id`, `media_id`, `created_at`) VALUES ('26', '241', '26', '2018-10-06 07:29:42');
INSERT INTO `likes` (`id`, `user_id`, `media_id`, `created_at`) VALUES ('27', '242', '27', '1987-11-21 23:39:25');
INSERT INTO `likes` (`id`, `user_id`, `media_id`, `created_at`) VALUES ('28', '244', '28', '1973-07-23 10:59:31');
INSERT INTO `likes` (`id`, `user_id`, `media_id`, `created_at`) VALUES ('29', '245', '29', '2016-06-03 22:27:03');
INSERT INTO `likes` (`id`, `user_id`, `media_id`, `created_at`) VALUES ('30', '246', '30', '1987-01-04 00:17:45');
INSERT INTO `likes` (`id`, `user_id`, `media_id`, `created_at`) VALUES ('31', '248', '31', '1980-02-26 05:30:21');
INSERT INTO `likes` (`id`, `user_id`, `media_id`, `created_at`) VALUES ('32', '249', '32', '1989-06-03 16:16:34');
INSERT INTO `likes` (`id`, `user_id`, `media_id`, `created_at`) VALUES ('33', '251', '33', '1975-10-23 21:27:21');
INSERT INTO `likes` (`id`, `user_id`, `media_id`, `created_at`) VALUES ('34', '253', '34', '1990-06-01 12:57:44');
INSERT INTO `likes` (`id`, `user_id`, `media_id`, `created_at`) VALUES ('35', '254', '35', '1971-10-06 11:19:12');
INSERT INTO `likes` (`id`, `user_id`, `media_id`, `created_at`) VALUES ('36', '256', '36', '2012-04-06 21:06:07');
INSERT INTO `likes` (`id`, `user_id`, `media_id`, `created_at`) VALUES ('37', '257', '37', '2015-01-20 03:32:32');
INSERT INTO `likes` (`id`, `user_id`, `media_id`, `created_at`) VALUES ('38', '258', '38', '2019-05-13 08:13:27');
INSERT INTO `likes` (`id`, `user_id`, `media_id`, `created_at`) VALUES ('39', '259', '39', '1983-07-21 20:19:28');
INSERT INTO `likes` (`id`, `user_id`, `media_id`, `created_at`) VALUES ('40', '261', '40', '1977-04-06 12:06:38');
INSERT INTO `likes` (`id`, `user_id`, `media_id`, `created_at`) VALUES ('41', '262', '41', '2016-12-22 11:53:47');
INSERT INTO `likes` (`id`, `user_id`, `media_id`, `created_at`) VALUES ('42', '264', '42', '1993-02-20 07:44:32');
INSERT INTO `likes` (`id`, `user_id`, `media_id`, `created_at`) VALUES ('43', '266', '43', '1971-04-02 00:49:16');
INSERT INTO `likes` (`id`, `user_id`, `media_id`, `created_at`) VALUES ('44', '268', '44', '2007-03-28 05:38:26');
INSERT INTO `likes` (`id`, `user_id`, `media_id`, `created_at`) VALUES ('45', '269', '45', '1971-12-01 07:25:26');
INSERT INTO `likes` (`id`, `user_id`, `media_id`, `created_at`) VALUES ('46', '270', '46', '1984-02-13 19:12:51');
INSERT INTO `likes` (`id`, `user_id`, `media_id`, `created_at`) VALUES ('47', '271', '47', '1984-07-20 14:05:58');
INSERT INTO `likes` (`id`, `user_id`, `media_id`, `created_at`) VALUES ('48', '272', '48', '2014-06-29 13:35:53');
INSERT INTO `likes` (`id`, `user_id`, `media_id`, `created_at`) VALUES ('49', '274', '49', '2020-12-03 05:53:16');
INSERT INTO `likes` (`id`, `user_id`, `media_id`, `created_at`) VALUES ('50', '275', '50', '1986-11-10 22:19:17');
INSERT INTO `likes` (`id`, `user_id`, `media_id`, `created_at`) VALUES ('51', '279', '51', '1980-03-01 17:00:00');
INSERT INTO `likes` (`id`, `user_id`, `media_id`, `created_at`) VALUES ('52', '280', '52', '1983-09-08 05:31:51');
INSERT INTO `likes` (`id`, `user_id`, `media_id`, `created_at`) VALUES ('53', '281', '53', '2003-05-17 16:55:58');
INSERT INTO `likes` (`id`, `user_id`, `media_id`, `created_at`) VALUES ('54', '285', '54', '2010-06-23 02:21:49');
INSERT INTO `likes` (`id`, `user_id`, `media_id`, `created_at`) VALUES ('55', '289', '55', '2006-12-25 07:37:48');
INSERT INTO `likes` (`id`, `user_id`, `media_id`, `created_at`) VALUES ('56', '292', '56', '2009-09-01 16:43:14');
INSERT INTO `likes` (`id`, `user_id`, `media_id`, `created_at`) VALUES ('57', '294', '57', '2002-03-14 22:00:04');
INSERT INTO `likes` (`id`, `user_id`, `media_id`, `created_at`) VALUES ('58', '295', '58', '1974-05-17 18:24:25');
INSERT INTO `likes` (`id`, `user_id`, `media_id`, `created_at`) VALUES ('59', '296', '59', '2012-08-15 08:48:33');
INSERT INTO `likes` (`id`, `user_id`, `media_id`, `created_at`) VALUES ('60', '297', '60', '2015-10-04 06:48:34');
INSERT INTO `likes` (`id`, `user_id`, `media_id`, `created_at`) VALUES ('61', '298', '61', '2005-08-01 20:01:00');
INSERT INTO `likes` (`id`, `user_id`, `media_id`, `created_at`) VALUES ('62', '299', '62', '1983-01-08 20:30:14');
INSERT INTO `likes` (`id`, `user_id`, `media_id`, `created_at`) VALUES ('63', '300', '63', '2000-10-29 10:22:50');
INSERT INTO `likes` (`id`, `user_id`, `media_id`, `created_at`) VALUES ('64', '301', '64', '2019-07-23 02:38:40');
INSERT INTO `likes` (`id`, `user_id`, `media_id`, `created_at`) VALUES ('65', '302', '65', '1976-05-27 00:15:31');
INSERT INTO `likes` (`id`, `user_id`, `media_id`, `created_at`) VALUES ('66', '304', '66', '1998-05-21 15:33:10');
INSERT INTO `likes` (`id`, `user_id`, `media_id`, `created_at`) VALUES ('67', '305', '67', '2018-07-23 19:10:27');
INSERT INTO `likes` (`id`, `user_id`, `media_id`, `created_at`) VALUES ('68', '306', '68', '1985-08-25 21:00:17');
INSERT INTO `likes` (`id`, `user_id`, `media_id`, `created_at`) VALUES ('69', '307', '69', '2008-09-23 01:41:37');
INSERT INTO `likes` (`id`, `user_id`, `media_id`, `created_at`) VALUES ('70', '308', '70', '1988-05-23 11:59:54');
INSERT INTO `likes` (`id`, `user_id`, `media_id`, `created_at`) VALUES ('71', '311', '71', '1982-12-26 01:01:00');
INSERT INTO `likes` (`id`, `user_id`, `media_id`, `created_at`) VALUES ('72', '314', '72', '2008-07-18 23:05:22');
INSERT INTO `likes` (`id`, `user_id`, `media_id`, `created_at`) VALUES ('73', '315', '73', '1998-11-20 07:38:02');
INSERT INTO `likes` (`id`, `user_id`, `media_id`, `created_at`) VALUES ('74', '316', '74', '1983-02-03 02:58:12');
INSERT INTO `likes` (`id`, `user_id`, `media_id`, `created_at`) VALUES ('75', '317', '75', '2020-08-23 07:43:27');
INSERT INTO `likes` (`id`, `user_id`, `media_id`, `created_at`) VALUES ('76', '318', '76', '2014-11-13 06:54:45');
INSERT INTO `likes` (`id`, `user_id`, `media_id`, `created_at`) VALUES ('77', '319', '77', '2017-08-28 09:30:37');
INSERT INTO `likes` (`id`, `user_id`, `media_id`, `created_at`) VALUES ('78', '321', '78', '1998-01-06 04:27:30');
INSERT INTO `likes` (`id`, `user_id`, `media_id`, `created_at`) VALUES ('79', '325', '79', '2009-01-10 21:34:59');
INSERT INTO `likes` (`id`, `user_id`, `media_id`, `created_at`) VALUES ('80', '326', '80', '2007-02-03 04:49:09');
INSERT INTO `likes` (`id`, `user_id`, `media_id`, `created_at`) VALUES ('81', '327', '81', '1993-06-21 23:35:54');
INSERT INTO `likes` (`id`, `user_id`, `media_id`, `created_at`) VALUES ('82', '329', '82', '1982-12-27 23:30:34');
INSERT INTO `likes` (`id`, `user_id`, `media_id`, `created_at`) VALUES ('83', '336', '83', '2016-09-09 15:04:08');
INSERT INTO `likes` (`id`, `user_id`, `media_id`, `created_at`) VALUES ('84', '337', '84', '1999-01-12 13:37:40');
INSERT INTO `likes` (`id`, `user_id`, `media_id`, `created_at`) VALUES ('85', '338', '85', '2000-06-06 22:16:02');
INSERT INTO `likes` (`id`, `user_id`, `media_id`, `created_at`) VALUES ('86', '339', '86', '1981-08-05 19:40:15');
INSERT INTO `likes` (`id`, `user_id`, `media_id`, `created_at`) VALUES ('87', '340', '87', '1990-09-28 19:50:05');
INSERT INTO `likes` (`id`, `user_id`, `media_id`, `created_at`) VALUES ('88', '341', '88', '1985-07-20 23:29:08');
INSERT INTO `likes` (`id`, `user_id`, `media_id`, `created_at`) VALUES ('89', '343', '89', '1991-03-17 10:47:51');
INSERT INTO `likes` (`id`, `user_id`, `media_id`, `created_at`) VALUES ('90', '344', '90', '2006-07-25 17:38:55');
INSERT INTO `likes` (`id`, `user_id`, `media_id`, `created_at`) VALUES ('91', '345', '91', '1983-11-24 03:43:52');
INSERT INTO `likes` (`id`, `user_id`, `media_id`, `created_at`) VALUES ('92', '347', '92', '1979-05-19 00:17:26');
INSERT INTO `likes` (`id`, `user_id`, `media_id`, `created_at`) VALUES ('93', '348', '93', '1976-01-03 01:21:16');
INSERT INTO `likes` (`id`, `user_id`, `media_id`, `created_at`) VALUES ('94', '350', '94', '1984-08-21 11:09:19');
INSERT INTO `likes` (`id`, `user_id`, `media_id`, `created_at`) VALUES ('95', '351', '95', '1988-01-13 00:10:16');
INSERT INTO `likes` (`id`, `user_id`, `media_id`, `created_at`) VALUES ('96', '352', '96', '1985-04-24 14:06:41');
INSERT INTO `likes` (`id`, `user_id`, `media_id`, `created_at`) VALUES ('97', '357', '97', '2004-11-09 07:08:24');
INSERT INTO `likes` (`id`, `user_id`, `media_id`, `created_at`) VALUES ('98', '358', '98', '1996-02-15 18:05:35');
INSERT INTO `likes` (`id`, `user_id`, `media_id`, `created_at`) VALUES ('99', '361', '99', '2007-12-01 15:26:39');
INSERT INTO `likes` (`id`, `user_id`, `media_id`, `created_at`) VALUES ('100', '363', '100', '1973-04-27 16:04:59');
INSERT INTO `likes` (`id`, `user_id`, `media_id`, `created_at`) VALUES ('101', '364', '101', '1977-08-13 07:18:03');
INSERT INTO `likes` (`id`, `user_id`, `media_id`, `created_at`) VALUES ('102', '366', '102', '1983-11-10 06:51:09');
INSERT INTO `likes` (`id`, `user_id`, `media_id`, `created_at`) VALUES ('103', '367', '103', '1977-07-27 15:52:52');
INSERT INTO `likes` (`id`, `user_id`, `media_id`, `created_at`) VALUES ('104', '368', '104', '2012-01-13 07:30:45');
INSERT INTO `likes` (`id`, `user_id`, `media_id`, `created_at`) VALUES ('105', '369', '105', '2013-01-21 16:03:45');
INSERT INTO `likes` (`id`, `user_id`, `media_id`, `created_at`) VALUES ('106', '372', '106', '2000-03-24 04:25:46');
INSERT INTO `likes` (`id`, `user_id`, `media_id`, `created_at`) VALUES ('107', '373', '107', '2001-10-18 22:02:24');
INSERT INTO `likes` (`id`, `user_id`, `media_id`, `created_at`) VALUES ('108', '375', '108', '2004-02-27 13:53:40');
INSERT INTO `likes` (`id`, `user_id`, `media_id`, `created_at`) VALUES ('109', '378', '109', '1976-08-09 18:28:08');
INSERT INTO `likes` (`id`, `user_id`, `media_id`, `created_at`) VALUES ('110', '380', '110', '1995-07-28 21:26:18');
INSERT INTO `likes` (`id`, `user_id`, `media_id`, `created_at`) VALUES ('111', '381', '111', '1975-05-20 14:43:45');
INSERT INTO `likes` (`id`, `user_id`, `media_id`, `created_at`) VALUES ('112', '385', '112', '1986-03-25 17:22:22');
INSERT INTO `likes` (`id`, `user_id`, `media_id`, `created_at`) VALUES ('113', '386', '113', '2005-12-24 00:44:07');
INSERT INTO `likes` (`id`, `user_id`, `media_id`, `created_at`) VALUES ('114', '388', '114', '1979-04-19 08:09:26');
INSERT INTO `likes` (`id`, `user_id`, `media_id`, `created_at`) VALUES ('115', '391', '115', '1991-01-31 00:45:45');
INSERT INTO `likes` (`id`, `user_id`, `media_id`, `created_at`) VALUES ('116', '392', '116', '1991-11-28 11:22:16');
INSERT INTO `likes` (`id`, `user_id`, `media_id`, `created_at`) VALUES ('117', '393', '117', '1987-12-07 14:26:33');
INSERT INTO `likes` (`id`, `user_id`, `media_id`, `created_at`) VALUES ('118', '395', '118', '1989-11-09 14:55:42');
INSERT INTO `likes` (`id`, `user_id`, `media_id`, `created_at`) VALUES ('119', '396', '119', '1998-01-26 03:17:13');
INSERT INTO `likes` (`id`, `user_id`, `media_id`, `created_at`) VALUES ('120', '201', '120', '2002-07-18 14:13:16');
INSERT INTO `likes` (`id`, `user_id`, `media_id`, `created_at`) VALUES ('121', '202', '121', '1986-09-05 18:48:46');
INSERT INTO `likes` (`id`, `user_id`, `media_id`, `created_at`) VALUES ('122', '204', '122', '2012-09-08 18:08:59');
INSERT INTO `likes` (`id`, `user_id`, `media_id`, `created_at`) VALUES ('123', '206', '123', '1972-06-08 03:31:00');
INSERT INTO `likes` (`id`, `user_id`, `media_id`, `created_at`) VALUES ('124', '208', '124', '1975-05-09 06:13:52');
INSERT INTO `likes` (`id`, `user_id`, `media_id`, `created_at`) VALUES ('125', '210', '125', '1999-05-05 23:09:04');
INSERT INTO `likes` (`id`, `user_id`, `media_id`, `created_at`) VALUES ('126', '211', '126', '2006-06-23 19:58:12');
INSERT INTO `likes` (`id`, `user_id`, `media_id`, `created_at`) VALUES ('127', '213', '127', '2013-11-10 10:36:46');
INSERT INTO `likes` (`id`, `user_id`, `media_id`, `created_at`) VALUES ('128', '214', '128', '1987-10-24 01:10:13');
INSERT INTO `likes` (`id`, `user_id`, `media_id`, `created_at`) VALUES ('129', '217', '129', '1979-05-20 21:07:50');
INSERT INTO `likes` (`id`, `user_id`, `media_id`, `created_at`) VALUES ('130', '218', '130', '2012-07-05 17:00:29');
INSERT INTO `likes` (`id`, `user_id`, `media_id`, `created_at`) VALUES ('131', '220', '131', '1979-07-27 10:56:35');
INSERT INTO `likes` (`id`, `user_id`, `media_id`, `created_at`) VALUES ('132', '223', '132', '2018-07-29 09:33:54');
INSERT INTO `likes` (`id`, `user_id`, `media_id`, `created_at`) VALUES ('133', '224', '133', '2011-01-27 02:32:30');
INSERT INTO `likes` (`id`, `user_id`, `media_id`, `created_at`) VALUES ('134', '226', '134', '1970-08-18 23:24:23');
INSERT INTO `likes` (`id`, `user_id`, `media_id`, `created_at`) VALUES ('135', '227', '135', '2021-06-24 03:55:48');
INSERT INTO `likes` (`id`, `user_id`, `media_id`, `created_at`) VALUES ('136', '228', '136', '2011-04-10 15:02:16');
INSERT INTO `likes` (`id`, `user_id`, `media_id`, `created_at`) VALUES ('137', '229', '137', '2003-01-04 14:22:13');
INSERT INTO `likes` (`id`, `user_id`, `media_id`, `created_at`) VALUES ('138', '231', '138', '2015-07-21 11:15:52');
INSERT INTO `likes` (`id`, `user_id`, `media_id`, `created_at`) VALUES ('139', '233', '139', '1993-01-13 16:34:47');
INSERT INTO `likes` (`id`, `user_id`, `media_id`, `created_at`) VALUES ('140', '234', '140', '2001-10-01 18:39:48');
INSERT INTO `likes` (`id`, `user_id`, `media_id`, `created_at`) VALUES ('141', '235', '141', '1994-10-12 22:59:46');
INSERT INTO `likes` (`id`, `user_id`, `media_id`, `created_at`) VALUES ('142', '236', '142', '2017-06-11 12:28:02');
INSERT INTO `likes` (`id`, `user_id`, `media_id`, `created_at`) VALUES ('143', '238', '143', '1994-04-24 12:31:29');
INSERT INTO `likes` (`id`, `user_id`, `media_id`, `created_at`) VALUES ('144', '239', '144', '2000-05-17 02:31:42');
INSERT INTO `likes` (`id`, `user_id`, `media_id`, `created_at`) VALUES ('145', '241', '145', '2018-10-25 08:14:28');
INSERT INTO `likes` (`id`, `user_id`, `media_id`, `created_at`) VALUES ('146', '242', '146', '1995-08-03 16:13:20');
INSERT INTO `likes` (`id`, `user_id`, `media_id`, `created_at`) VALUES ('147', '244', '147', '2006-05-31 16:41:16');
INSERT INTO `likes` (`id`, `user_id`, `media_id`, `created_at`) VALUES ('148', '245', '148', '1974-04-24 20:05:43');
INSERT INTO `likes` (`id`, `user_id`, `media_id`, `created_at`) VALUES ('149', '246', '149', '1995-01-24 13:37:40');
INSERT INTO `likes` (`id`, `user_id`, `media_id`, `created_at`) VALUES ('150', '248', '150', '1983-06-25 19:27:50');
INSERT INTO `likes` (`id`, `user_id`, `media_id`, `created_at`) VALUES ('151', '249', '151', '2011-11-29 08:56:20');
INSERT INTO `likes` (`id`, `user_id`, `media_id`, `created_at`) VALUES ('152', '251', '152', '1973-01-27 23:38:42');
INSERT INTO `likes` (`id`, `user_id`, `media_id`, `created_at`) VALUES ('153', '253', '153', '2015-07-28 19:07:54');
INSERT INTO `likes` (`id`, `user_id`, `media_id`, `created_at`) VALUES ('154', '254', '154', '2002-11-06 02:44:12');
INSERT INTO `likes` (`id`, `user_id`, `media_id`, `created_at`) VALUES ('155', '256', '155', '1991-01-14 17:24:52');
INSERT INTO `likes` (`id`, `user_id`, `media_id`, `created_at`) VALUES ('156', '257', '156', '1995-10-24 02:47:17');
INSERT INTO `likes` (`id`, `user_id`, `media_id`, `created_at`) VALUES ('157', '258', '157', '1971-03-19 16:10:23');
INSERT INTO `likes` (`id`, `user_id`, `media_id`, `created_at`) VALUES ('158', '259', '158', '2004-03-31 08:09:30');
INSERT INTO `likes` (`id`, `user_id`, `media_id`, `created_at`) VALUES ('159', '261', '159', '2010-08-27 19:32:24');
INSERT INTO `likes` (`id`, `user_id`, `media_id`, `created_at`) VALUES ('160', '262', '160', '1976-10-18 06:56:01');
INSERT INTO `likes` (`id`, `user_id`, `media_id`, `created_at`) VALUES ('161', '264', '161', '2018-12-30 10:51:29');
INSERT INTO `likes` (`id`, `user_id`, `media_id`, `created_at`) VALUES ('162', '266', '162', '2017-04-18 21:12:24');
INSERT INTO `likes` (`id`, `user_id`, `media_id`, `created_at`) VALUES ('163', '268', '163', '2006-08-19 01:12:22');
INSERT INTO `likes` (`id`, `user_id`, `media_id`, `created_at`) VALUES ('164', '269', '164', '1981-03-01 18:55:26');
INSERT INTO `likes` (`id`, `user_id`, `media_id`, `created_at`) VALUES ('165', '270', '165', '1993-08-23 11:54:03');
INSERT INTO `likes` (`id`, `user_id`, `media_id`, `created_at`) VALUES ('166', '271', '166', '1994-04-22 16:56:51');
INSERT INTO `likes` (`id`, `user_id`, `media_id`, `created_at`) VALUES ('167', '272', '167', '1980-08-24 01:13:03');
INSERT INTO `likes` (`id`, `user_id`, `media_id`, `created_at`) VALUES ('168', '274', '168', '2011-01-12 07:58:59');
INSERT INTO `likes` (`id`, `user_id`, `media_id`, `created_at`) VALUES ('169', '275', '169', '1985-10-17 08:53:26');
INSERT INTO `likes` (`id`, `user_id`, `media_id`, `created_at`) VALUES ('170', '279', '170', '1989-11-14 02:47:21');
INSERT INTO `likes` (`id`, `user_id`, `media_id`, `created_at`) VALUES ('171', '280', '171', '2018-10-22 15:16:31');
INSERT INTO `likes` (`id`, `user_id`, `media_id`, `created_at`) VALUES ('172', '281', '172', '1989-05-28 08:11:41');
INSERT INTO `likes` (`id`, `user_id`, `media_id`, `created_at`) VALUES ('173', '285', '173', '2009-02-05 16:25:30');
INSERT INTO `likes` (`id`, `user_id`, `media_id`, `created_at`) VALUES ('174', '289', '174', '2016-06-05 05:14:30');
INSERT INTO `likes` (`id`, `user_id`, `media_id`, `created_at`) VALUES ('175', '292', '175', '2011-05-30 12:54:26');
INSERT INTO `likes` (`id`, `user_id`, `media_id`, `created_at`) VALUES ('176', '294', '176', '1987-05-22 11:24:37');
INSERT INTO `likes` (`id`, `user_id`, `media_id`, `created_at`) VALUES ('177', '295', '177', '1976-12-19 12:21:56');
INSERT INTO `likes` (`id`, `user_id`, `media_id`, `created_at`) VALUES ('178', '296', '178', '2012-02-17 14:29:17');
INSERT INTO `likes` (`id`, `user_id`, `media_id`, `created_at`) VALUES ('179', '297', '179', '1975-10-23 04:08:57');
INSERT INTO `likes` (`id`, `user_id`, `media_id`, `created_at`) VALUES ('180', '298', '180', '2011-04-19 22:47:56');
INSERT INTO `likes` (`id`, `user_id`, `media_id`, `created_at`) VALUES ('181', '299', '181', '2009-07-02 16:05:03');
INSERT INTO `likes` (`id`, `user_id`, `media_id`, `created_at`) VALUES ('182', '300', '182', '2011-08-24 00:40:56');
INSERT INTO `likes` (`id`, `user_id`, `media_id`, `created_at`) VALUES ('183', '301', '183', '2009-04-18 06:53:03');
INSERT INTO `likes` (`id`, `user_id`, `media_id`, `created_at`) VALUES ('184', '302', '184', '2011-11-20 19:17:03');
INSERT INTO `likes` (`id`, `user_id`, `media_id`, `created_at`) VALUES ('185', '304', '185', '2014-01-04 06:52:51');
INSERT INTO `likes` (`id`, `user_id`, `media_id`, `created_at`) VALUES ('186', '305', '186', '1971-11-17 15:18:04');
INSERT INTO `likes` (`id`, `user_id`, `media_id`, `created_at`) VALUES ('187', '306', '187', '1975-08-24 19:41:16');
INSERT INTO `likes` (`id`, `user_id`, `media_id`, `created_at`) VALUES ('188', '307', '188', '1974-11-07 13:04:53');
INSERT INTO `likes` (`id`, `user_id`, `media_id`, `created_at`) VALUES ('189', '308', '189', '2015-10-20 03:12:55');
INSERT INTO `likes` (`id`, `user_id`, `media_id`, `created_at`) VALUES ('190', '311', '190', '2005-04-22 23:25:18');
INSERT INTO `likes` (`id`, `user_id`, `media_id`, `created_at`) VALUES ('191', '314', '191', '1998-02-11 18:08:26');
INSERT INTO `likes` (`id`, `user_id`, `media_id`, `created_at`) VALUES ('192', '315', '192', '1986-03-23 06:03:55');
INSERT INTO `likes` (`id`, `user_id`, `media_id`, `created_at`) VALUES ('193', '316', '193', '1978-11-30 14:51:03');
INSERT INTO `likes` (`id`, `user_id`, `media_id`, `created_at`) VALUES ('194', '317', '194', '2015-04-04 15:14:06');
INSERT INTO `likes` (`id`, `user_id`, `media_id`, `created_at`) VALUES ('195', '318', '195', '2003-09-10 13:32:38');
INSERT INTO `likes` (`id`, `user_id`, `media_id`, `created_at`) VALUES ('196', '319', '196', '1995-03-01 00:57:38');
INSERT INTO `likes` (`id`, `user_id`, `media_id`, `created_at`) VALUES ('197', '321', '197', '2001-08-11 07:52:59');
INSERT INTO `likes` (`id`, `user_id`, `media_id`, `created_at`) VALUES ('198', '325', '198', '1971-12-09 02:15:03');
INSERT INTO `likes` (`id`, `user_id`, `media_id`, `created_at`) VALUES ('199', '326', '199', '1980-09-15 17:50:28');
INSERT INTO `likes` (`id`, `user_id`, `media_id`, `created_at`) VALUES ('200', '327', '200', '2009-12-23 12:41:12');


#
# TABLE STRUCTURE FOR: media
#

DROP TABLE IF EXISTS `media`;

CREATE TABLE `media` (
  `id` bigint(20) unsigned NOT NULL AUTO_INCREMENT,
  `media_type_id` bigint(20) unsigned NOT NULL,
  `user_id` bigint(20) unsigned NOT NULL,
  `body` text COLLATE utf8mb4_unicode_ci DEFAULT NULL,
  `filename` varchar(255) COLLATE utf8mb4_unicode_ci DEFAULT NULL,
  `size` int(11) DEFAULT NULL,
  `metadata` longtext CHARACTER SET utf8mb4 COLLATE utf8mb4_bin DEFAULT NULL CHECK (json_valid(`metadata`)),
  `created_at` datetime DEFAULT current_timestamp(),
  `updated_at` datetime DEFAULT NULL ON UPDATE current_timestamp(),
  UNIQUE KEY `id` (`id`),
  KEY `user_id` (`user_id`),
  KEY `media_type_id` (`media_type_id`),
  CONSTRAINT `media_ibfk_1` FOREIGN KEY (`user_id`) REFERENCES `users` (`id`),
  CONSTRAINT `media_ibfk_2` FOREIGN KEY (`media_type_id`) REFERENCES `media_types` (`id`)
) ENGINE=InnoDB AUTO_INCREMENT=201 DEFAULT CHARSET=utf8mb4 COLLATE=utf8mb4_unicode_ci;

INSERT INTO `media` (`id`, `media_type_id`, `user_id`, `body`, `filename`, `size`, `metadata`, `created_at`, `updated_at`) VALUES ('1', '1', '201', 'Sed qui suscipit minima. Facere dolores rerum pariatur doloribus. Distinctio amet veniam facere omnis.', 'possimus', 7664849, NULL, '1992-05-31 09:39:14', '1970-07-14 04:50:18');
INSERT INTO `media` (`id`, `media_type_id`, `user_id`, `body`, `filename`, `size`, `metadata`, `created_at`, `updated_at`) VALUES ('2', '2', '202', 'Officia velit suscipit ut enim magni. Iste neque distinctio enim asperiores voluptates accusamus. Sunt et voluptatem quos sit cumque.', 'inventore', 696248718, NULL, '2016-02-19 10:45:31', '2012-08-11 02:02:21');
INSERT INTO `media` (`id`, `media_type_id`, `user_id`, `body`, `filename`, `size`, `metadata`, `created_at`, `updated_at`) VALUES ('3', '3', '204', 'Ut quis dolore repellat quaerat. Quibusdam ut iure earum voluptatem. Fugiat et minus asperiores aut eum repudiandae in. Necessitatibus et blanditiis laborum sequi dolor assumenda.', 'necessitatibus', 71604, NULL, '1994-05-20 04:29:59', '1999-04-27 02:46:39');
INSERT INTO `media` (`id`, `media_type_id`, `user_id`, `body`, `filename`, `size`, `metadata`, `created_at`, `updated_at`) VALUES ('4', '4', '206', 'Quod inventore consequatur consequuntur id. In nostrum quia cum saepe enim dolores. Vero quasi aut molestiae voluptatem dolor odio id. Saepe recusandae iusto magni voluptas iste.', 'facilis', 0, NULL, '1973-11-10 00:52:36', '1980-12-27 07:26:03');
INSERT INTO `media` (`id`, `media_type_id`, `user_id`, `body`, `filename`, `size`, `metadata`, `created_at`, `updated_at`) VALUES ('5', '5', '208', 'Sed a officia et facere aut voluptatem voluptas. Placeat dolorem fugit omnis harum odit dignissimos quia recusandae. Sint voluptatem ea molestiae maiores et magnam rerum id.', 'tenetur', 0, NULL, '2001-10-08 11:12:08', '1978-03-18 12:42:01');
INSERT INTO `media` (`id`, `media_type_id`, `user_id`, `body`, `filename`, `size`, `metadata`, `created_at`, `updated_at`) VALUES ('6', '6', '210', 'Cumque autem debitis et consequuntur enim facilis a. Provident delectus doloremque accusamus. Enim est nisi aliquid esse id dolores. Mollitia voluptate impedit aliquam laboriosam incidunt quae. Fugit a et animi placeat nihil velit.', 'voluptatem', 2, NULL, '1974-07-01 01:35:34', '1986-09-20 08:38:44');
INSERT INTO `media` (`id`, `media_type_id`, `user_id`, `body`, `filename`, `size`, `metadata`, `created_at`, `updated_at`) VALUES ('7', '7', '211', 'Quaerat sunt et distinctio cumque qui omnis voluptas. Consequatur optio ut quae eos. Qui omnis qui aut occaecati.', 'quisquam', 80397, NULL, '1992-11-16 17:35:06', '2011-02-05 22:27:36');
INSERT INTO `media` (`id`, `media_type_id`, `user_id`, `body`, `filename`, `size`, `metadata`, `created_at`, `updated_at`) VALUES ('8', '8', '213', 'Est vel nihil repellat totam unde possimus eveniet. Nemo est placeat sint corrupti qui voluptas quis. Qui eius laborum quis nesciunt magnam cupiditate. Et ullam consectetur harum molestiae.', 'repellat', 2724806, NULL, '1983-04-01 19:06:12', '2018-06-08 10:49:35');
INSERT INTO `media` (`id`, `media_type_id`, `user_id`, `body`, `filename`, `size`, `metadata`, `created_at`, `updated_at`) VALUES ('9', '9', '214', 'Deserunt sed tempora ut et. Tempora consectetur laudantium dolorem.', 'ut', 543, NULL, '2001-08-29 21:38:21', '1976-06-28 07:43:28');
INSERT INTO `media` (`id`, `media_type_id`, `user_id`, `body`, `filename`, `size`, `metadata`, `created_at`, `updated_at`) VALUES ('10', '10', '217', 'Ullam est eum voluptatem. Ut perferendis odit quia modi. Magni officia aut quasi omnis. Sint praesentium consequatur voluptate sapiente.', 'quisquam', 6448, NULL, '2012-11-22 12:38:08', '2020-08-20 01:31:50');
INSERT INTO `media` (`id`, `media_type_id`, `user_id`, `body`, `filename`, `size`, `metadata`, `created_at`, `updated_at`) VALUES ('11', '11', '218', 'Accusamus et vel deleniti enim sunt inventore delectus. Ut assumenda in suscipit quis quaerat alias enim.', 'fugit', 74737634, NULL, '1979-01-01 00:30:19', '2006-12-25 05:41:41');
INSERT INTO `media` (`id`, `media_type_id`, `user_id`, `body`, `filename`, `size`, `metadata`, `created_at`, `updated_at`) VALUES ('12', '12', '220', 'Ipsa necessitatibus est qui necessitatibus aut. Sed sit eos vitae.', 'similique', 712065, NULL, '1992-05-17 09:05:28', '1990-04-22 17:53:49');
INSERT INTO `media` (`id`, `media_type_id`, `user_id`, `body`, `filename`, `size`, `metadata`, `created_at`, `updated_at`) VALUES ('13', '13', '223', 'Eveniet quaerat nemo maxime culpa dolores itaque. Quisquam iste id mollitia fugiat. Non dolorem harum aperiam repellat omnis. Qui quia neque voluptatem enim minus laudantium.', 'non', 5802, NULL, '2008-04-18 12:45:19', '2004-03-21 03:02:33');
INSERT INTO `media` (`id`, `media_type_id`, `user_id`, `body`, `filename`, `size`, `metadata`, `created_at`, `updated_at`) VALUES ('14', '14', '224', 'Dicta cumque quia eveniet et in. Repudiandae illo quos quae tenetur ut quas. Qui possimus aut dolor et voluptas architecto. Velit et corrupti ab excepturi veritatis.', 'qui', 490814054, NULL, '1995-10-08 14:27:52', '2016-04-03 07:12:18');
INSERT INTO `media` (`id`, `media_type_id`, `user_id`, `body`, `filename`, `size`, `metadata`, `created_at`, `updated_at`) VALUES ('15', '15', '226', 'Qui dolorem dolor sit recusandae consequatur. Et necessitatibus corporis ratione.', 'quidem', 3547752, NULL, '1978-08-31 15:28:58', '1987-08-22 07:29:37');
INSERT INTO `media` (`id`, `media_type_id`, `user_id`, `body`, `filename`, `size`, `metadata`, `created_at`, `updated_at`) VALUES ('16', '16', '227', 'Corrupti distinctio est ipsum fuga soluta magnam. Consequuntur quia neque rerum harum ut. Maiores porro atque sapiente et.', 'iure', 0, NULL, '1988-10-27 22:14:44', '1970-12-17 00:52:52');
INSERT INTO `media` (`id`, `media_type_id`, `user_id`, `body`, `filename`, `size`, `metadata`, `created_at`, `updated_at`) VALUES ('17', '17', '228', 'Porro illum vero ut sed. Sit inventore natus ut molestiae fugit laudantium. Illo facilis eos quae nesciunt adipisci ut. Harum et qui maiores nesciunt officia neque laboriosam.', 'aut', 0, NULL, '2012-02-16 10:55:45', '1974-09-23 12:37:18');
INSERT INTO `media` (`id`, `media_type_id`, `user_id`, `body`, `filename`, `size`, `metadata`, `created_at`, `updated_at`) VALUES ('18', '18', '229', 'Labore provident vero optio vero rem molestiae. Repellat inventore fugit quae perspiciatis ratione. Nostrum quo eligendi natus laborum maiores. Quidem mollitia magnam sunt quos iste.', 'non', 0, NULL, '1984-06-13 13:09:03', '1989-11-03 07:28:17');
INSERT INTO `media` (`id`, `media_type_id`, `user_id`, `body`, `filename`, `size`, `metadata`, `created_at`, `updated_at`) VALUES ('19', '19', '231', 'Omnis et corporis quidem. Temporibus similique quae omnis incidunt molestiae. Repudiandae tempore quis inventore molestias est aut nihil nihil. Et libero non atque nemo modi.', 'laborum', 5, NULL, '1984-05-20 00:29:23', '1974-04-23 02:35:46');
INSERT INTO `media` (`id`, `media_type_id`, `user_id`, `body`, `filename`, `size`, `metadata`, `created_at`, `updated_at`) VALUES ('20', '20', '233', 'Hic sint quia facere non. Enim quidem ut non tenetur ipsa odit corporis. Omnis molestiae voluptas assumenda fugit.', 'ut', 16937384, NULL, '2013-05-21 10:30:09', '1978-06-08 17:38:47');
INSERT INTO `media` (`id`, `media_type_id`, `user_id`, `body`, `filename`, `size`, `metadata`, `created_at`, `updated_at`) VALUES ('21', '21', '234', 'Similique doloribus ut odio excepturi nisi. Sunt atque consequuntur sed voluptatum dicta expedita labore est. Dolor est voluptatem est dolores sapiente pariatur. Cum sapiente nisi quia culpa velit corrupti.', 'totam', 41594, NULL, '2014-05-27 04:50:02', '2020-11-11 13:45:48');
INSERT INTO `media` (`id`, `media_type_id`, `user_id`, `body`, `filename`, `size`, `metadata`, `created_at`, `updated_at`) VALUES ('22', '22', '235', 'Eum sapiente ut aliquam esse. Vero consequuntur aut optio odit. In consectetur ea magnam aut. Aut qui aut molestiae numquam quas.', 'debitis', 0, NULL, '2015-02-01 16:15:34', '2020-08-24 15:57:21');
INSERT INTO `media` (`id`, `media_type_id`, `user_id`, `body`, `filename`, `size`, `metadata`, `created_at`, `updated_at`) VALUES ('23', '23', '236', 'Ipsum dolores ab ut. Suscipit voluptatem cumque aut ea. Nihil laboriosam illum quis omnis pariatur ea occaecati. Nostrum ad voluptates qui est autem.', 'accusantium', 680684, NULL, '2007-08-28 06:52:11', '1985-02-22 22:32:07');
INSERT INTO `media` (`id`, `media_type_id`, `user_id`, `body`, `filename`, `size`, `metadata`, `created_at`, `updated_at`) VALUES ('24', '24', '238', 'Dolorum est eius voluptatibus debitis et et et. Quas sint hic voluptas dignissimos. Nam nostrum quis tempore nemo.', 'eveniet', 333364, NULL, '2010-03-03 23:08:49', '1999-08-16 00:12:26');
INSERT INTO `media` (`id`, `media_type_id`, `user_id`, `body`, `filename`, `size`, `metadata`, `created_at`, `updated_at`) VALUES ('25', '25', '239', 'Deserunt ut amet quasi dignissimos. Quia reiciendis maiores voluptates at et quia atque. Est voluptate aut maxime.', 'aliquam', 16881002, NULL, '1975-12-04 19:58:56', '1984-05-13 06:09:21');
INSERT INTO `media` (`id`, `media_type_id`, `user_id`, `body`, `filename`, `size`, `metadata`, `created_at`, `updated_at`) VALUES ('26', '26', '241', 'Et sit temporibus voluptatem ipsum. Laboriosam aspernatur neque velit minima officia consectetur. Qui unde aut vitae qui beatae voluptatem consequatur adipisci. Provident culpa commodi veritatis excepturi itaque facilis.', 'quia', 560924348, NULL, '2008-10-02 12:07:47', '2004-12-02 14:28:07');
INSERT INTO `media` (`id`, `media_type_id`, `user_id`, `body`, `filename`, `size`, `metadata`, `created_at`, `updated_at`) VALUES ('27', '27', '242', 'Cupiditate et ut magni officia voluptatem. Animi sit quo delectus quia atque.', 'rerum', 2, NULL, '1981-09-29 03:54:10', '2018-07-12 17:53:31');
INSERT INTO `media` (`id`, `media_type_id`, `user_id`, `body`, `filename`, `size`, `metadata`, `created_at`, `updated_at`) VALUES ('28', '28', '244', 'Est aut similique omnis placeat dolores veritatis ex. Porro deleniti architecto delectus autem dolore. Dolorem sed hic aut consequatur provident dolore. Culpa a blanditiis cum deleniti id libero deserunt veritatis. In vel dignissimos natus voluptatibus.', 'repudiandae', 28, NULL, '1997-08-16 16:31:39', '1980-12-05 21:43:57');
INSERT INTO `media` (`id`, `media_type_id`, `user_id`, `body`, `filename`, `size`, `metadata`, `created_at`, `updated_at`) VALUES ('29', '29', '245', 'Recusandae odio voluptatem delectus corporis similique. Et ad eum incidunt ea consequatur sed repellendus. Velit ut occaecati ipsam laborum provident. Blanditiis sit eligendi eligendi itaque veniam est aperiam voluptatem.', 'laborum', 0, NULL, '2010-03-12 21:48:18', '1999-03-15 23:37:13');
INSERT INTO `media` (`id`, `media_type_id`, `user_id`, `body`, `filename`, `size`, `metadata`, `created_at`, `updated_at`) VALUES ('30', '30', '246', 'Consequatur itaque dicta suscipit et qui quis ducimus nulla. Reiciendis eum quia voluptatem voluptatem nemo labore aut sequi. Deleniti nisi non repellat ut sit ut iste nostrum.', 'suscipit', 44129663, NULL, '2019-08-23 08:09:33', '2004-03-29 17:40:12');
INSERT INTO `media` (`id`, `media_type_id`, `user_id`, `body`, `filename`, `size`, `metadata`, `created_at`, `updated_at`) VALUES ('31', '31', '248', 'Facere molestias eligendi ut unde labore. Et neque vel voluptas saepe omnis qui. Quia et nisi quae. Laborum eum et iure officiis assumenda recusandae.', 'nihil', 4551922, NULL, '2002-09-21 18:18:10', '2000-08-31 19:47:21');
INSERT INTO `media` (`id`, `media_type_id`, `user_id`, `body`, `filename`, `size`, `metadata`, `created_at`, `updated_at`) VALUES ('32', '32', '249', 'Autem vitae autem molestiae labore ut assumenda. Ad aut voluptatem quas et excepturi. Impedit debitis quae molestias possimus maxime illo. Ducimus cumque aut aliquam ut aliquam dolores maxime.', 'est', 52902, NULL, '2015-03-07 02:25:49', '1994-09-26 17:51:58');
INSERT INTO `media` (`id`, `media_type_id`, `user_id`, `body`, `filename`, `size`, `metadata`, `created_at`, `updated_at`) VALUES ('33', '33', '251', 'Sed cupiditate dolores cumque accusamus molestiae laboriosam nobis enim. Fugit vel vel possimus sunt sapiente et sed. Expedita sit ut adipisci labore. Omnis veniam voluptatem aut nostrum et.', 'enim', 3788, NULL, '2001-11-02 00:52:25', '1983-03-15 21:15:06');
INSERT INTO `media` (`id`, `media_type_id`, `user_id`, `body`, `filename`, `size`, `metadata`, `created_at`, `updated_at`) VALUES ('34', '34', '253', 'Qui debitis sunt sed quos eum. Est magni sunt quae cupiditate natus aliquid. Temporibus ratione quo modi qui quis est ut veritatis.', 'aut', 885, NULL, '1996-02-02 03:20:22', '2009-08-12 14:35:45');
INSERT INTO `media` (`id`, `media_type_id`, `user_id`, `body`, `filename`, `size`, `metadata`, `created_at`, `updated_at`) VALUES ('35', '35', '254', 'Dolor laborum ipsum eaque nihil. Qui dolores natus provident omnis ex. Et optio qui adipisci necessitatibus consequatur dolor et.', 'adipisci', 8203466, NULL, '1973-10-11 12:04:51', '1989-07-09 15:28:19');
INSERT INTO `media` (`id`, `media_type_id`, `user_id`, `body`, `filename`, `size`, `metadata`, `created_at`, `updated_at`) VALUES ('36', '36', '256', 'Sunt voluptate eum et atque saepe mollitia. Itaque aut dicta distinctio adipisci. Porro est assumenda iste alias nostrum voluptas aut.', 'ea', 0, NULL, '1990-10-22 13:16:58', '2011-11-13 04:50:33');
INSERT INTO `media` (`id`, `media_type_id`, `user_id`, `body`, `filename`, `size`, `metadata`, `created_at`, `updated_at`) VALUES ('37', '37', '257', 'Autem ut autem accusamus necessitatibus dolor quia repellendus exercitationem. Consequatur ut possimus sed autem qui sed.', 'quaerat', 73353, NULL, '1993-09-02 05:42:08', '2009-10-01 18:24:57');
INSERT INTO `media` (`id`, `media_type_id`, `user_id`, `body`, `filename`, `size`, `metadata`, `created_at`, `updated_at`) VALUES ('38', '38', '258', 'Dolorum consequuntur et commodi sapiente qui autem ducimus. Cumque dolorem cum est cupiditate. Et quo ea et culpa.', 'molestias', 83, NULL, '1998-07-25 16:26:13', '2011-01-17 22:54:10');
INSERT INTO `media` (`id`, `media_type_id`, `user_id`, `body`, `filename`, `size`, `metadata`, `created_at`, `updated_at`) VALUES ('39', '39', '259', 'In ut ut suscipit. Et consequatur fugiat voluptas iste. Qui dolorem quasi inventore voluptatem voluptatem possimus ut harum. Ad et perspiciatis enim ea.', 'ratione', 524, NULL, '1974-02-09 06:51:47', '1983-05-02 04:56:50');
INSERT INTO `media` (`id`, `media_type_id`, `user_id`, `body`, `filename`, `size`, `metadata`, `created_at`, `updated_at`) VALUES ('40', '40', '261', 'Ut ipsam impedit rerum iste quia id. Et maxime nihil sunt ab magnam iste. Consequatur consequuntur ipsa nihil nulla.', 'eos', 951450, NULL, '1991-08-02 14:50:11', '1990-06-17 20:26:08');
INSERT INTO `media` (`id`, `media_type_id`, `user_id`, `body`, `filename`, `size`, `metadata`, `created_at`, `updated_at`) VALUES ('41', '41', '262', 'Enim officia iure est in fugiat aut. Qui neque et accusamus atque fuga omnis rerum.', 'unde', 1, NULL, '2003-02-02 17:58:29', '2013-04-13 19:18:32');
INSERT INTO `media` (`id`, `media_type_id`, `user_id`, `body`, `filename`, `size`, `metadata`, `created_at`, `updated_at`) VALUES ('42', '42', '264', 'Quasi voluptas magni incidunt laudantium. Voluptas illum veritatis et qui error blanditiis deleniti. Consequatur et et est soluta pariatur.', 'vel', 0, NULL, '2008-09-22 09:10:39', '2015-08-14 13:39:41');
INSERT INTO `media` (`id`, `media_type_id`, `user_id`, `body`, `filename`, `size`, `metadata`, `created_at`, `updated_at`) VALUES ('43', '43', '266', 'Quibusdam veritatis dolor qui et. Provident sit aut in recusandae. Occaecati qui nisi eos qui ullam recusandae consequatur.', 'ullam', 862685102, NULL, '1991-01-01 08:37:35', '1997-10-09 22:06:08');
INSERT INTO `media` (`id`, `media_type_id`, `user_id`, `body`, `filename`, `size`, `metadata`, `created_at`, `updated_at`) VALUES ('44', '44', '268', 'Id rerum quia minima expedita mollitia distinctio voluptatibus. Quos inventore et inventore dolorum. Corrupti hic et quo.', 'est', 18, NULL, '2008-04-12 11:46:29', '1977-04-06 10:18:36');
INSERT INTO `media` (`id`, `media_type_id`, `user_id`, `body`, `filename`, `size`, `metadata`, `created_at`, `updated_at`) VALUES ('45', '45', '269', 'Qui possimus eos veniam. Quia quia tempora est aliquid. Non repellat autem quia neque modi dicta recusandae.', 'aut', 1423625, NULL, '2004-07-13 12:37:05', '2000-03-09 07:59:54');
INSERT INTO `media` (`id`, `media_type_id`, `user_id`, `body`, `filename`, `size`, `metadata`, `created_at`, `updated_at`) VALUES ('46', '46', '270', 'Enim tempora sed architecto ut voluptates rerum aliquam. Vel aut debitis incidunt quas corrupti assumenda sed esse. Corporis impedit nulla delectus vero.', 'eaque', 13, NULL, '2000-11-02 23:45:39', '2003-06-15 10:40:28');
INSERT INTO `media` (`id`, `media_type_id`, `user_id`, `body`, `filename`, `size`, `metadata`, `created_at`, `updated_at`) VALUES ('47', '47', '271', 'Omnis illum earum ut aut. Harum quis ipsa minima cupiditate vel ut vero aliquam. Veniam necessitatibus fugit nam quia. Sed voluptates fugit totam. Voluptas voluptatem incidunt illo quibusdam ullam tempore laborum.', 'perferendis', 0, NULL, '1986-07-21 14:32:32', '2014-06-05 19:40:25');
INSERT INTO `media` (`id`, `media_type_id`, `user_id`, `body`, `filename`, `size`, `metadata`, `created_at`, `updated_at`) VALUES ('48', '48', '272', 'Sunt nisi et labore iure dolorem voluptatum est. Autem aspernatur esse nostrum illum.', 'ut', 422575, NULL, '1994-10-14 14:28:36', '2021-01-29 10:07:30');
INSERT INTO `media` (`id`, `media_type_id`, `user_id`, `body`, `filename`, `size`, `metadata`, `created_at`, `updated_at`) VALUES ('49', '49', '274', 'Sed tempora laborum enim. Aperiam autem veritatis ea quia. Ut soluta mollitia eos natus inventore.', 'minus', 9845, NULL, '2004-05-28 23:30:48', '1982-12-11 18:00:26');
INSERT INTO `media` (`id`, `media_type_id`, `user_id`, `body`, `filename`, `size`, `metadata`, `created_at`, `updated_at`) VALUES ('50', '50', '275', 'Cum et dolorum voluptates neque nam suscipit. Architecto nesciunt maxime adipisci voluptas. Consequatur et nostrum reiciendis et. Omnis a sed quaerat sed.', 'repellendus', 289045008, NULL, '1983-08-10 13:01:44', '1982-03-01 10:04:19');
INSERT INTO `media` (`id`, `media_type_id`, `user_id`, `body`, `filename`, `size`, `metadata`, `created_at`, `updated_at`) VALUES ('51', '51', '279', 'Est aut illo asperiores. Nostrum ab culpa aut. Qui consequatur modi quia dolorem nulla.', 'quisquam', 6, NULL, '1991-06-03 11:51:35', '2001-08-12 02:36:12');
INSERT INTO `media` (`id`, `media_type_id`, `user_id`, `body`, `filename`, `size`, `metadata`, `created_at`, `updated_at`) VALUES ('52', '52', '280', 'Quis accusamus non eligendi. Aspernatur qui debitis rem sed nam debitis consequatur consequatur. Id nemo consequatur fugiat maiores distinctio. Aut voluptas eos deleniti ratione ut hic expedita.', 'dolorum', 745, NULL, '2016-07-28 16:33:47', '1996-09-26 08:22:18');
INSERT INTO `media` (`id`, `media_type_id`, `user_id`, `body`, `filename`, `size`, `metadata`, `created_at`, `updated_at`) VALUES ('53', '53', '281', 'Qui consequatur commodi molestiae qui quas in impedit. Vel voluptatibus mollitia qui et in quae.', 'et', 5, NULL, '2008-06-04 13:07:42', '1985-09-03 04:21:55');
INSERT INTO `media` (`id`, `media_type_id`, `user_id`, `body`, `filename`, `size`, `metadata`, `created_at`, `updated_at`) VALUES ('54', '54', '285', 'Odit aperiam nulla consequatur. Sit explicabo reprehenderit sed officia dolores voluptatibus nam. Ut assumenda pariatur ratione.', 'maiores', 58994269, NULL, '2012-07-03 13:33:00', '1975-02-28 23:48:37');
INSERT INTO `media` (`id`, `media_type_id`, `user_id`, `body`, `filename`, `size`, `metadata`, `created_at`, `updated_at`) VALUES ('55', '55', '289', 'Iure quis consequatur qui deserunt rem vel consequuntur vero. Incidunt nihil quas veniam aut.', 'amet', 4950447, NULL, '2007-11-23 02:00:12', '1993-02-21 21:53:20');
INSERT INTO `media` (`id`, `media_type_id`, `user_id`, `body`, `filename`, `size`, `metadata`, `created_at`, `updated_at`) VALUES ('56', '56', '292', 'Voluptas sint dicta ad. Vel perspiciatis vero et veniam. Assumenda esse quia sunt aliquam odit vero impedit nemo. Aut voluptatem et ut dolorem laboriosam veritatis recusandae ratione. Omnis occaecati architecto rerum voluptas voluptates quae ipsa.', 'quo', 0, NULL, '1981-02-16 01:48:07', '1972-01-09 22:19:47');
INSERT INTO `media` (`id`, `media_type_id`, `user_id`, `body`, `filename`, `size`, `metadata`, `created_at`, `updated_at`) VALUES ('57', '57', '294', 'Temporibus ex earum voluptate cupiditate voluptatem quia nostrum magni. Et tenetur voluptas voluptates iste. Rerum aperiam quia harum eos.', 'dolorum', 753, NULL, '2006-01-19 16:08:22', '1992-07-05 00:32:49');
INSERT INTO `media` (`id`, `media_type_id`, `user_id`, `body`, `filename`, `size`, `metadata`, `created_at`, `updated_at`) VALUES ('58', '58', '295', 'Similique voluptate minima assumenda cum voluptatem et et et. Voluptate aut voluptas expedita quo omnis saepe aut. Molestias dolore sit odio aspernatur.', 'recusandae', 566945, NULL, '1972-11-30 09:49:17', '1986-12-26 10:18:52');
INSERT INTO `media` (`id`, `media_type_id`, `user_id`, `body`, `filename`, `size`, `metadata`, `created_at`, `updated_at`) VALUES ('59', '59', '296', 'Amet corporis hic ad deleniti commodi impedit voluptatibus. Vero nam velit facere. Omnis sint hic dolor officiis dicta quibusdam.', 'quos', 676814649, NULL, '1983-12-06 07:22:22', '1970-10-02 18:04:29');
INSERT INTO `media` (`id`, `media_type_id`, `user_id`, `body`, `filename`, `size`, `metadata`, `created_at`, `updated_at`) VALUES ('60', '60', '297', 'Tempore necessitatibus est dolorem quod. Aut explicabo repellendus qui explicabo quia. Sint ad omnis sunt ex qui consequuntur sed. Quis corrupti aliquid voluptas accusamus laborum omnis.', 'velit', 4, NULL, '2005-08-10 08:39:53', '1977-11-29 00:00:50');
INSERT INTO `media` (`id`, `media_type_id`, `user_id`, `body`, `filename`, `size`, `metadata`, `created_at`, `updated_at`) VALUES ('61', '61', '298', 'Iure error ducimus libero nostrum repellat aut minus. Reiciendis doloremque sed voluptas. Soluta pariatur et in sed sunt ea. Possimus corrupti aut non veritatis.', 'laborum', 70610902, NULL, '1973-03-14 14:48:16', '1975-06-07 06:26:38');
INSERT INTO `media` (`id`, `media_type_id`, `user_id`, `body`, `filename`, `size`, `metadata`, `created_at`, `updated_at`) VALUES ('62', '62', '299', 'Dolorum alias voluptates consequatur incidunt delectus. Sit neque et qui ut. Est dolorem molestiae similique dolor facere. Eos omnis dignissimos ab vel. Temporibus dolores quod error recusandae voluptatem.', 'perferendis', 48, NULL, '2016-06-20 12:49:17', '1997-06-10 23:55:04');
INSERT INTO `media` (`id`, `media_type_id`, `user_id`, `body`, `filename`, `size`, `metadata`, `created_at`, `updated_at`) VALUES ('63', '63', '300', 'Qui labore et illum. Deleniti dolorem minima a illo non rerum. Tenetur eius ut doloremque dicta neque excepturi ea.', 'deserunt', 70974167, NULL, '1982-08-02 03:21:23', '2016-04-29 18:11:48');
INSERT INTO `media` (`id`, `media_type_id`, `user_id`, `body`, `filename`, `size`, `metadata`, `created_at`, `updated_at`) VALUES ('64', '64', '301', 'Exercitationem et quo temporibus possimus. Qui reiciendis itaque molestiae molestias nesciunt. Expedita iure assumenda sit libero et. Accusantium reiciendis fuga tenetur magnam.', 'ex', 81463382, NULL, '1973-07-14 21:38:03', '1975-03-14 05:26:54');
INSERT INTO `media` (`id`, `media_type_id`, `user_id`, `body`, `filename`, `size`, `metadata`, `created_at`, `updated_at`) VALUES ('65', '65', '302', 'Molestiae aliquam laboriosam omnis est soluta. Ad maiores maiores et omnis dolor sunt. Ut ullam fugiat iusto fugit. Animi nesciunt qui natus ut fugit temporibus ducimus.', 'suscipit', 2, NULL, '2011-02-06 10:23:19', '2014-04-07 13:53:52');
INSERT INTO `media` (`id`, `media_type_id`, `user_id`, `body`, `filename`, `size`, `metadata`, `created_at`, `updated_at`) VALUES ('66', '66', '304', 'Sed excepturi voluptates iste eaque. Adipisci vero voluptate dicta nihil. Non dolorum non a.', 'rerum', 4, NULL, '2011-04-07 06:17:12', '1991-11-26 06:17:24');
INSERT INTO `media` (`id`, `media_type_id`, `user_id`, `body`, `filename`, `size`, `metadata`, `created_at`, `updated_at`) VALUES ('67', '67', '305', 'Architecto non magnam id labore sapiente. Nam sequi aut voluptas est rerum amet. Ducimus excepturi qui voluptates quis culpa natus aut.', 'molestias', 0, NULL, '1984-06-25 23:17:18', '1970-12-09 22:33:06');
INSERT INTO `media` (`id`, `media_type_id`, `user_id`, `body`, `filename`, `size`, `metadata`, `created_at`, `updated_at`) VALUES ('68', '68', '306', 'Et unde itaque dolor eum voluptas rerum. Odio voluptas odit quasi facere quos ipsum. Aut eos rerum qui.', 'repudiandae', 6513, NULL, '1979-06-17 21:29:51', '1988-07-28 05:17:05');
INSERT INTO `media` (`id`, `media_type_id`, `user_id`, `body`, `filename`, `size`, `metadata`, `created_at`, `updated_at`) VALUES ('69', '69', '307', 'Illum aliquam corrupti dolore iste rerum accusantium. Iusto qui aut facilis nisi quam numquam. Magnam non nulla aut eum ad aliquid itaque.', 'vero', 48282, NULL, '2002-02-04 16:32:46', '1988-11-09 22:29:23');
INSERT INTO `media` (`id`, `media_type_id`, `user_id`, `body`, `filename`, `size`, `metadata`, `created_at`, `updated_at`) VALUES ('70', '70', '308', 'Eligendi qui et voluptate pariatur excepturi porro et amet. Ut amet et velit dignissimos repellat repudiandae in rerum. Nesciunt expedita magni eaque. Et autem omnis fugit numquam optio voluptate.', 'consequuntur', 865323514, NULL, '1993-11-09 20:29:56', '1975-07-01 19:34:52');
INSERT INTO `media` (`id`, `media_type_id`, `user_id`, `body`, `filename`, `size`, `metadata`, `created_at`, `updated_at`) VALUES ('71', '71', '311', 'Corrupti reprehenderit illo amet minus vero. Deserunt voluptatem vero ducimus. Ut deserunt reiciendis praesentium doloribus incidunt perferendis explicabo. Soluta error neque molestias rerum.', 'sed', 705, NULL, '2011-10-22 18:57:47', '2000-08-09 08:28:51');
INSERT INTO `media` (`id`, `media_type_id`, `user_id`, `body`, `filename`, `size`, `metadata`, `created_at`, `updated_at`) VALUES ('72', '72', '314', 'Reiciendis tenetur quaerat est sapiente dolor. Dolorem distinctio ea omnis repellendus molestiae voluptatem tenetur ut. Molestias eligendi ullam officia praesentium.', 'reiciendis', 8689517, NULL, '1970-08-01 02:12:36', '2000-02-05 22:34:27');
INSERT INTO `media` (`id`, `media_type_id`, `user_id`, `body`, `filename`, `size`, `metadata`, `created_at`, `updated_at`) VALUES ('73', '73', '315', 'Hic saepe et nulla ea. Impedit corporis totam voluptates nisi corrupti repellat. Aut dolore omnis error dignissimos exercitationem hic sit. Repudiandae ut ab esse autem.', 'qui', 27, NULL, '2020-10-28 00:31:27', '1993-11-14 13:14:53');
INSERT INTO `media` (`id`, `media_type_id`, `user_id`, `body`, `filename`, `size`, `metadata`, `created_at`, `updated_at`) VALUES ('74', '74', '316', 'Ducimus sed et voluptatibus blanditiis voluptatum dolorum et. Voluptatem quaerat voluptatem doloribus dolore qui ab praesentium. Dolorem quaerat voluptatem quia dolorem. Neque asperiores debitis id dolorem reiciendis voluptatem.', 'tempore', 1, NULL, '2006-04-19 22:59:19', '1996-12-10 16:49:50');
INSERT INTO `media` (`id`, `media_type_id`, `user_id`, `body`, `filename`, `size`, `metadata`, `created_at`, `updated_at`) VALUES ('75', '75', '317', 'Quidem et beatae molestiae ea. Id ullam mollitia vel. Voluptate dolorum numquam voluptas blanditiis veritatis cum eligendi. Ut culpa culpa earum repellat necessitatibus. Neque repudiandae ea sapiente vero natus quia eos.', 'numquam', 88635630, NULL, '2020-12-25 04:52:10', '2009-04-13 13:29:00');
INSERT INTO `media` (`id`, `media_type_id`, `user_id`, `body`, `filename`, `size`, `metadata`, `created_at`, `updated_at`) VALUES ('76', '76', '318', 'Quas quae nemo ut. Eos rerum et eum labore sint debitis necessitatibus. Inventore qui magni ut quia corporis voluptatem.', 'nihil', 972, NULL, '1978-03-01 13:48:18', '1988-12-18 11:05:03');
INSERT INTO `media` (`id`, `media_type_id`, `user_id`, `body`, `filename`, `size`, `metadata`, `created_at`, `updated_at`) VALUES ('77', '77', '319', 'Ipsa provident adipisci rerum. Ratione sit corrupti repellendus mollitia sit doloribus nostrum. Qui qui quod enim dolor vero. Consequuntur et officia officiis harum id qui voluptatibus.', 'ex', 719, NULL, '2010-04-12 05:57:33', '1986-01-27 20:48:14');
INSERT INTO `media` (`id`, `media_type_id`, `user_id`, `body`, `filename`, `size`, `metadata`, `created_at`, `updated_at`) VALUES ('78', '78', '321', 'Earum voluptates recusandae tempore. Rerum non consectetur ipsa nisi. Et nobis eligendi incidunt in. Nulla iusto tempora possimus voluptatibus sed dicta quia.', 'et', 2339, NULL, '1978-07-30 07:00:52', '1986-01-14 07:26:38');
INSERT INTO `media` (`id`, `media_type_id`, `user_id`, `body`, `filename`, `size`, `metadata`, `created_at`, `updated_at`) VALUES ('79', '79', '325', 'Esse repellendus dolor autem est fugiat repellat delectus. Facere eum harum porro placeat vitae voluptate. Quaerat qui qui dolores velit.', 'exercitationem', 419252552, NULL, '1999-12-06 22:41:10', '2007-11-01 00:07:22');
INSERT INTO `media` (`id`, `media_type_id`, `user_id`, `body`, `filename`, `size`, `metadata`, `created_at`, `updated_at`) VALUES ('80', '80', '326', 'Minus quia sit eaque quas qui ratione. Explicabo culpa eos sunt aut est. Voluptatem ab aut adipisci facilis.', 'minima', 0, NULL, '2020-04-05 20:29:48', '2018-03-01 12:20:35');
INSERT INTO `media` (`id`, `media_type_id`, `user_id`, `body`, `filename`, `size`, `metadata`, `created_at`, `updated_at`) VALUES ('81', '81', '327', 'Reiciendis et natus vel ipsum. Fugiat quia magnam vel et totam ratione amet.', 'laudantium', 444235, NULL, '1981-09-16 08:30:53', '1972-01-16 03:50:57');
INSERT INTO `media` (`id`, `media_type_id`, `user_id`, `body`, `filename`, `size`, `metadata`, `created_at`, `updated_at`) VALUES ('82', '82', '329', 'Voluptate facere pariatur illum maxime id. Officia non qui autem quia. Et error laudantium sit suscipit.', 'aut', 1774377, NULL, '1994-01-26 13:21:19', '1995-07-29 07:34:28');
INSERT INTO `media` (`id`, `media_type_id`, `user_id`, `body`, `filename`, `size`, `metadata`, `created_at`, `updated_at`) VALUES ('83', '83', '336', 'Sequi quas tenetur qui adipisci quis. Dolorum alias ut voluptates hic id. Rem id aut doloremque sed.', 'quasi', 2680767, NULL, '1973-01-13 04:30:21', '1992-12-24 10:40:24');
INSERT INTO `media` (`id`, `media_type_id`, `user_id`, `body`, `filename`, `size`, `metadata`, `created_at`, `updated_at`) VALUES ('84', '84', '337', 'Quia maiores voluptates quia minima atque perspiciatis. Ex distinctio vero blanditiis sequi omnis autem necessitatibus. Quia eius praesentium vel dolores reprehenderit.', 'ut', 4402655, NULL, '2012-07-26 21:21:19', '1992-10-20 18:00:30');
INSERT INTO `media` (`id`, `media_type_id`, `user_id`, `body`, `filename`, `size`, `metadata`, `created_at`, `updated_at`) VALUES ('85', '85', '338', 'Dolorum et et sed assumenda sint. Quis delectus amet ab modi veritatis. Et delectus quaerat et ipsum illo cupiditate dignissimos. Quos provident eum dolor. Vel modi incidunt ad animi vitae iure quaerat.', 'ullam', 7442831, NULL, '1985-09-11 04:25:18', '1971-12-02 02:45:13');
INSERT INTO `media` (`id`, `media_type_id`, `user_id`, `body`, `filename`, `size`, `metadata`, `created_at`, `updated_at`) VALUES ('86', '86', '339', 'Quia quia inventore dolorem fugiat. Ratione fugit aut et alias eveniet officiis. Provident vitae quo at repellendus. Aliquid sunt omnis quia et architecto.', 'impedit', 0, NULL, '2019-12-31 23:49:29', '1987-05-20 19:29:20');
INSERT INTO `media` (`id`, `media_type_id`, `user_id`, `body`, `filename`, `size`, `metadata`, `created_at`, `updated_at`) VALUES ('87', '87', '340', 'Ut cum praesentium enim nulla animi omnis. Voluptas optio minus qui iure fugiat sequi. Consequatur officia similique reprehenderit similique qui sunt labore.', 'tempore', 0, NULL, '2007-01-09 07:54:35', '1998-07-06 08:18:58');
INSERT INTO `media` (`id`, `media_type_id`, `user_id`, `body`, `filename`, `size`, `metadata`, `created_at`, `updated_at`) VALUES ('88', '88', '341', 'Voluptas similique voluptate beatae aliquid est aut debitis nulla. Ut esse vero qui soluta ullam velit quia. Aut quis qui voluptas modi et aperiam. Doloribus accusantium qui laboriosam quo.', 'ipsum', 46714, NULL, '1986-06-26 16:17:58', '1986-06-04 16:26:53');
INSERT INTO `media` (`id`, `media_type_id`, `user_id`, `body`, `filename`, `size`, `metadata`, `created_at`, `updated_at`) VALUES ('89', '89', '343', 'Alias mollitia quis rerum voluptatem et quidem qui totam. Iste non minima quis soluta.', 'eveniet', 740699, NULL, '1985-11-05 23:32:21', '2015-03-01 12:01:08');
INSERT INTO `media` (`id`, `media_type_id`, `user_id`, `body`, `filename`, `size`, `metadata`, `created_at`, `updated_at`) VALUES ('90', '90', '344', 'Dolor dolorum perspiciatis fugiat autem sapiente laborum cum. Molestias debitis amet quam quae ab. Ex dolores consectetur dolorum ullam pariatur in. Dolorem corrupti nemo ut voluptas non.', 'laborum', 62992760, NULL, '2020-09-08 17:18:17', '2007-02-03 18:07:45');
INSERT INTO `media` (`id`, `media_type_id`, `user_id`, `body`, `filename`, `size`, `metadata`, `created_at`, `updated_at`) VALUES ('91', '91', '345', 'Et nam vitae qui error qui cumque aut asperiores. Saepe exercitationem aspernatur ut aliquam dolorem debitis facere. Et fuga et molestiae nostrum excepturi rerum aliquam.', 'nesciunt', 0, NULL, '2020-04-22 00:37:13', '1977-05-16 19:55:59');
INSERT INTO `media` (`id`, `media_type_id`, `user_id`, `body`, `filename`, `size`, `metadata`, `created_at`, `updated_at`) VALUES ('92', '92', '347', 'Et a sunt ut sit. Ut eum vel omnis. Assumenda autem natus error.', 'et', 4813, NULL, '1998-04-24 14:40:32', '1976-02-13 18:09:19');
INSERT INTO `media` (`id`, `media_type_id`, `user_id`, `body`, `filename`, `size`, `metadata`, `created_at`, `updated_at`) VALUES ('93', '93', '348', 'Hic eum ut placeat. Quod asperiores nobis explicabo exercitationem aut. Incidunt qui consequuntur qui et tenetur et et.', 'quo', 6955480, NULL, '1974-02-04 07:37:59', '1970-06-13 09:51:48');
INSERT INTO `media` (`id`, `media_type_id`, `user_id`, `body`, `filename`, `size`, `metadata`, `created_at`, `updated_at`) VALUES ('94', '94', '350', 'Earum aliquam voluptas et molestiae nam. Veritatis qui repellendus consequatur reiciendis voluptatem consequatur iusto aspernatur.', 'temporibus', 300664851, NULL, '1994-11-01 11:44:21', '1980-09-28 19:25:23');
INSERT INTO `media` (`id`, `media_type_id`, `user_id`, `body`, `filename`, `size`, `metadata`, `created_at`, `updated_at`) VALUES ('95', '95', '351', 'Iusto suscipit laborum non aut. Animi unde et dolores est ipsum et eveniet. Harum ea quae voluptatem maxime. Laborum modi voluptatem eius voluptatem dolorum earum nesciunt perspiciatis. Molestiae corporis sed ut aut vel dolores.', 'porro', 14755, NULL, '1990-11-08 03:39:34', '2000-11-20 23:02:58');
INSERT INTO `media` (`id`, `media_type_id`, `user_id`, `body`, `filename`, `size`, `metadata`, `created_at`, `updated_at`) VALUES ('96', '96', '352', 'Aliquid molestiae ex aspernatur accusamus ratione odit. Rem occaecati pariatur impedit nihil sed. Dolorem maiores soluta nesciunt doloribus fuga est. Nam vero incidunt voluptate itaque temporibus voluptatem velit.', 'enim', 98927, NULL, '1978-03-14 02:09:19', '2009-02-10 03:30:38');
INSERT INTO `media` (`id`, `media_type_id`, `user_id`, `body`, `filename`, `size`, `metadata`, `created_at`, `updated_at`) VALUES ('97', '97', '357', 'Omnis enim beatae aut. Quaerat impedit provident aut. Corporis praesentium ducimus omnis dolor assumenda.', 'non', 191, NULL, '2015-05-26 08:45:50', '1975-07-29 13:46:11');
INSERT INTO `media` (`id`, `media_type_id`, `user_id`, `body`, `filename`, `size`, `metadata`, `created_at`, `updated_at`) VALUES ('98', '98', '358', 'Id consequatur amet rerum sed consequatur accusamus omnis. Eligendi dicta architecto ad et consequatur maiores vel. Et aut est voluptates dolorem.', 'necessitatibus', 0, NULL, '2018-02-12 21:15:08', '1987-11-24 03:08:13');
INSERT INTO `media` (`id`, `media_type_id`, `user_id`, `body`, `filename`, `size`, `metadata`, `created_at`, `updated_at`) VALUES ('99', '99', '361', 'Atque eius eum est. Ad et sit molestiae voluptatum corporis alias. Et consequatur dolores voluptatem ea eum suscipit asperiores cum.', 'aliquam', 306, NULL, '2011-01-22 06:53:13', '1994-02-13 18:09:05');
INSERT INTO `media` (`id`, `media_type_id`, `user_id`, `body`, `filename`, `size`, `metadata`, `created_at`, `updated_at`) VALUES ('100', '100', '363', 'Expedita nisi laudantium vero odit expedita et nihil aut. Hic corporis voluptas maiores debitis modi. Laborum aliquid enim at atque omnis suscipit aut explicabo. Maxime quas unde occaecati voluptas molestiae sunt.', 'eum', 5233, NULL, '2019-09-01 20:30:01', '2019-09-25 18:27:03');
INSERT INTO `media` (`id`, `media_type_id`, `user_id`, `body`, `filename`, `size`, `metadata`, `created_at`, `updated_at`) VALUES ('101', '101', '364', 'Veritatis accusamus veniam minus ut repudiandae. Provident velit reiciendis fuga laboriosam. Eum fuga quia soluta harum sunt qui ab. Quia illum totam voluptatem unde placeat quo non.', 'in', 89350602, NULL, '1978-02-22 16:30:46', '1984-01-24 16:11:08');
INSERT INTO `media` (`id`, `media_type_id`, `user_id`, `body`, `filename`, `size`, `metadata`, `created_at`, `updated_at`) VALUES ('102', '102', '366', 'Et molestiae est voluptas quo facere culpa. Illo consectetur quis quisquam natus rerum blanditiis porro. Consequatur omnis repellat alias repellendus dolores ut hic. Voluptatem aut fugit sint fugiat dolorem maiores.', 'sit', 1115097, NULL, '1992-12-19 14:09:57', '1999-10-14 21:32:07');
INSERT INTO `media` (`id`, `media_type_id`, `user_id`, `body`, `filename`, `size`, `metadata`, `created_at`, `updated_at`) VALUES ('103', '103', '367', 'Ad neque quis reiciendis sint. Cumque voluptates cupiditate aliquid hic officia. Perspiciatis iste et nam voluptas earum saepe dicta dolorem.', 'iure', 0, NULL, '2009-05-31 16:00:00', '2001-10-29 23:48:27');
INSERT INTO `media` (`id`, `media_type_id`, `user_id`, `body`, `filename`, `size`, `metadata`, `created_at`, `updated_at`) VALUES ('104', '104', '368', 'Et ut vel dolorem. Eligendi distinctio delectus dolorum accusamus. Quisquam dolorem et porro inventore quia recusandae eos necessitatibus.', 'ut', 656, NULL, '1994-12-30 10:37:06', '2002-11-24 22:26:57');
INSERT INTO `media` (`id`, `media_type_id`, `user_id`, `body`, `filename`, `size`, `metadata`, `created_at`, `updated_at`) VALUES ('105', '105', '369', 'Voluptas et aperiam impedit laudantium sapiente quos. Occaecati quidem dignissimos beatae. Et quos quam maiores impedit voluptatum aliquid. Et et et unde autem velit molestias in.', 'incidunt', 5678073, NULL, '1976-01-02 10:47:45', '1991-01-31 12:06:13');
INSERT INTO `media` (`id`, `media_type_id`, `user_id`, `body`, `filename`, `size`, `metadata`, `created_at`, `updated_at`) VALUES ('106', '106', '372', 'Et sint fugit et. Facilis laboriosam magni adipisci. Unde possimus harum sed quas. Blanditiis vel et quo excepturi dolorum ad. Nemo quis dicta sint.', 'saepe', 398522, NULL, '1989-09-06 21:44:46', '2008-04-22 18:56:42');
INSERT INTO `media` (`id`, `media_type_id`, `user_id`, `body`, `filename`, `size`, `metadata`, `created_at`, `updated_at`) VALUES ('107', '107', '373', 'Autem aut rerum enim vitae maiores veritatis aut. Non sit ex sunt qui. Ipsum esse odio cupiditate non provident et consequatur a. Natus id qui ut ut culpa omnis nobis nulla.', 'accusantium', 654290, NULL, '1999-06-13 15:25:38', '1985-10-22 02:23:38');
INSERT INTO `media` (`id`, `media_type_id`, `user_id`, `body`, `filename`, `size`, `metadata`, `created_at`, `updated_at`) VALUES ('108', '108', '375', 'Ea totam quia voluptatibus maiores sint officia sequi. Rerum vel nihil sint qui impedit qui voluptas. Sequi vitae consequatur officia natus qui architecto. Deleniti enim pariatur cupiditate ea. Omnis rerum culpa assumenda voluptatem voluptatem.', 'numquam', 647, NULL, '2000-12-23 09:23:35', '1970-01-23 20:51:08');
INSERT INTO `media` (`id`, `media_type_id`, `user_id`, `body`, `filename`, `size`, `metadata`, `created_at`, `updated_at`) VALUES ('109', '109', '378', 'Explicabo dolores et at quaerat eum deleniti. Et cupiditate dolor dolor reiciendis praesentium sed in dolores. Cum saepe delectus voluptatibus. Nihil natus et dolores itaque ut ipsa quia.', 'odio', 511, NULL, '2011-12-10 14:29:55', '2009-02-10 16:27:47');
INSERT INTO `media` (`id`, `media_type_id`, `user_id`, `body`, `filename`, `size`, `metadata`, `created_at`, `updated_at`) VALUES ('110', '110', '380', 'Cum et omnis laudantium enim. Ut laboriosam est et voluptatibus ipsa. Maiores consequuntur at et.', 'dolor', 644714657, NULL, '2021-01-14 16:12:13', '1988-05-20 23:09:22');
INSERT INTO `media` (`id`, `media_type_id`, `user_id`, `body`, `filename`, `size`, `metadata`, `created_at`, `updated_at`) VALUES ('111', '111', '381', 'Incidunt quia numquam pariatur nam quae est quia. Nobis illum non ratione magni est unde. Sequi quae quidem dolorum blanditiis ut. Blanditiis voluptatem dolorum ad possimus.', 'similique', 0, NULL, '2019-08-09 07:17:46', '1983-11-29 18:35:01');
INSERT INTO `media` (`id`, `media_type_id`, `user_id`, `body`, `filename`, `size`, `metadata`, `created_at`, `updated_at`) VALUES ('112', '112', '385', 'Expedita ut natus dolor nihil. Commodi itaque qui ea ullam rerum in laborum. Ipsum quos illum est facere totam qui in. Non perferendis omnis laborum aut expedita.', 'alias', 19713325, NULL, '1988-07-17 02:16:00', '2013-03-04 14:15:57');
INSERT INTO `media` (`id`, `media_type_id`, `user_id`, `body`, `filename`, `size`, `metadata`, `created_at`, `updated_at`) VALUES ('113', '113', '386', 'Eos neque aut explicabo fugiat repellat recusandae. Ex expedita consequatur maiores molestiae animi. Dolorem iure reprehenderit quia consequatur qui praesentium voluptatum.', 'quo', 977974, NULL, '2019-08-25 18:00:07', '2008-05-21 22:42:24');
INSERT INTO `media` (`id`, `media_type_id`, `user_id`, `body`, `filename`, `size`, `metadata`, `created_at`, `updated_at`) VALUES ('114', '114', '388', 'Rerum praesentium soluta harum quia nesciunt officiis. Omnis dolores consectetur ipsum et. Voluptatem qui voluptatibus odio sed. Inventore aut eum omnis. Ut temporibus quia sequi quod.', 'non', 0, NULL, '1976-09-13 04:12:09', '1972-04-11 07:46:25');
INSERT INTO `media` (`id`, `media_type_id`, `user_id`, `body`, `filename`, `size`, `metadata`, `created_at`, `updated_at`) VALUES ('115', '115', '391', 'Sunt iusto tenetur ut ea in. Aut exercitationem itaque reprehenderit voluptas ullam.', 'quis', 5924993, NULL, '1987-11-24 17:54:20', '1980-11-29 22:24:25');
INSERT INTO `media` (`id`, `media_type_id`, `user_id`, `body`, `filename`, `size`, `metadata`, `created_at`, `updated_at`) VALUES ('116', '116', '392', 'Ullam qui unde quae et soluta. Eveniet voluptatem sunt non velit. Esse earum qui et qui similique. Ut vitae quia enim tenetur alias minima iusto. Necessitatibus modi non repellat consequatur non.', 'et', 87, NULL, '1980-02-16 03:10:18', '1989-03-06 18:31:11');
INSERT INTO `media` (`id`, `media_type_id`, `user_id`, `body`, `filename`, `size`, `metadata`, `created_at`, `updated_at`) VALUES ('117', '117', '393', 'Quo tempora eos facere quisquam. Facere dolores et odio. Et harum minima nobis eos expedita.', 'illum', 5527, NULL, '1996-02-11 11:07:25', '1971-03-14 05:16:59');
INSERT INTO `media` (`id`, `media_type_id`, `user_id`, `body`, `filename`, `size`, `metadata`, `created_at`, `updated_at`) VALUES ('118', '118', '395', 'Delectus culpa id fugit dolorem eius est perferendis. Omnis error provident unde. Aperiam magnam perferendis error consequatur error ea.', 'est', 29273, NULL, '2009-08-18 11:35:46', '2006-12-10 04:11:23');
INSERT INTO `media` (`id`, `media_type_id`, `user_id`, `body`, `filename`, `size`, `metadata`, `created_at`, `updated_at`) VALUES ('119', '119', '396', 'Porro qui nam excepturi. Temporibus officiis facilis molestias exercitationem eum repellat et aperiam. Consequatur temporibus omnis accusamus labore error. Harum ipsa sunt omnis numquam beatae.', 'ex', 2, NULL, '2018-12-03 20:36:03', '1990-05-18 11:28:09');
INSERT INTO `media` (`id`, `media_type_id`, `user_id`, `body`, `filename`, `size`, `metadata`, `created_at`, `updated_at`) VALUES ('120', '120', '201', 'Sed dolores qui cumque est qui iure ipsum. In laudantium sunt unde temporibus commodi ad omnis amet. Sunt ab fuga impedit.', 'vitae', 3031196, NULL, '2005-11-22 13:16:20', '2005-12-28 21:06:25');
INSERT INTO `media` (`id`, `media_type_id`, `user_id`, `body`, `filename`, `size`, `metadata`, `created_at`, `updated_at`) VALUES ('121', '121', '202', 'Illo aut aut perferendis. In voluptatem voluptas qui totam et. Ab id aperiam ab numquam quam assumenda qui.', 'velit', 0, NULL, '2012-11-24 00:28:24', '2012-01-07 22:18:11');
INSERT INTO `media` (`id`, `media_type_id`, `user_id`, `body`, `filename`, `size`, `metadata`, `created_at`, `updated_at`) VALUES ('122', '122', '204', 'Perspiciatis omnis tenetur iusto itaque in sed. Illum aut voluptatem fuga aut. Sit consequatur ea et sit sint. Sit ipsam reprehenderit qui distinctio facilis ab at.', 'ea', 6, NULL, '2019-01-31 00:48:35', '2002-01-31 14:19:41');
INSERT INTO `media` (`id`, `media_type_id`, `user_id`, `body`, `filename`, `size`, `metadata`, `created_at`, `updated_at`) VALUES ('123', '123', '206', 'Aut omnis qui cum blanditiis asperiores. Quisquam voluptas in ab. Velit rerum hic voluptatem omnis beatae et. Placeat quae natus recusandae aut atque enim.', 'sint', 1, NULL, '2014-05-07 15:55:56', '2014-11-21 06:50:37');
INSERT INTO `media` (`id`, `media_type_id`, `user_id`, `body`, `filename`, `size`, `metadata`, `created_at`, `updated_at`) VALUES ('124', '124', '208', 'Et et ex qui officiis sint quis corporis. Rerum accusamus ducimus qui incidunt. Rerum aut molestiae vel porro corrupti sint quis. Eligendi magnam provident et et earum.', 'aperiam', 15879068, NULL, '1990-05-12 18:19:38', '1992-06-21 00:43:39');
INSERT INTO `media` (`id`, `media_type_id`, `user_id`, `body`, `filename`, `size`, `metadata`, `created_at`, `updated_at`) VALUES ('125', '125', '210', 'Nulla velit aut eveniet eaque velit. Aliquid est quibusdam consequatur ipsam officia aperiam similique. Consequuntur consequatur quia autem consequuntur quo explicabo et. Ut alias ut aut ipsa ut beatae sequi.', 'dolor', 78, NULL, '2003-01-30 22:08:49', '1970-01-08 02:52:10');
INSERT INTO `media` (`id`, `media_type_id`, `user_id`, `body`, `filename`, `size`, `metadata`, `created_at`, `updated_at`) VALUES ('126', '126', '211', 'Et unde voluptatem dolorem quia animi et. Maiores eligendi libero eaque. Dolor rerum ut amet aut facilis quisquam.', 'facere', 1221, NULL, '1972-09-22 13:59:26', '1987-06-01 18:32:37');
INSERT INTO `media` (`id`, `media_type_id`, `user_id`, `body`, `filename`, `size`, `metadata`, `created_at`, `updated_at`) VALUES ('127', '127', '213', 'Laudantium quibusdam unde eveniet aliquam natus minima totam voluptatem. Fugit reprehenderit provident impedit quia. Accusamus expedita adipisci in molestiae veniam.', 'fuga', 0, NULL, '2018-02-26 07:55:14', '1976-03-09 06:56:15');
INSERT INTO `media` (`id`, `media_type_id`, `user_id`, `body`, `filename`, `size`, `metadata`, `created_at`, `updated_at`) VALUES ('128', '128', '214', 'Dolorum ex unde ut quasi. Facere nostrum consequatur at quod. Rerum esse explicabo alias debitis consequatur dolorem consequatur. Qui et rerum nostrum soluta nam voluptatem ipsum.', 'mollitia', 6, NULL, '1976-06-13 01:22:17', '2009-12-05 13:46:23');
INSERT INTO `media` (`id`, `media_type_id`, `user_id`, `body`, `filename`, `size`, `metadata`, `created_at`, `updated_at`) VALUES ('129', '129', '217', 'Vel voluptas ipsum nesciunt velit eum ad. Minima laudantium nobis dolorem est facilis pariatur. Inventore in et incidunt.', 'voluptatum', 266033523, NULL, '1983-01-12 07:03:22', '1986-08-05 20:10:42');
INSERT INTO `media` (`id`, `media_type_id`, `user_id`, `body`, `filename`, `size`, `metadata`, `created_at`, `updated_at`) VALUES ('130', '130', '218', 'Qui facere suscipit corrupti sed. Eligendi quasi veniam consectetur amet ut qui autem. Natus sed molestiae maiores enim quam dicta repudiandae.', 'expedita', 67524896, NULL, '1996-06-26 07:43:52', '1984-01-27 04:51:16');
INSERT INTO `media` (`id`, `media_type_id`, `user_id`, `body`, `filename`, `size`, `metadata`, `created_at`, `updated_at`) VALUES ('131', '131', '220', 'Magnam vitae omnis ea distinctio tenetur. Omnis sit est aut. Asperiores commodi molestiae quae illo consequatur et enim.', 'debitis', 799509903, NULL, '1987-05-20 08:12:08', '2021-05-29 19:37:31');
INSERT INTO `media` (`id`, `media_type_id`, `user_id`, `body`, `filename`, `size`, `metadata`, `created_at`, `updated_at`) VALUES ('132', '132', '223', 'Amet voluptatem quis quisquam facere eveniet. Porro quo qui odit aperiam sunt. Culpa reprehenderit suscipit distinctio ut dolorem et. Est reiciendis fuga fuga eligendi quaerat quidem. Corporis sint magnam est eos dolores sint.', 'exercitationem', 40989, NULL, '1992-05-31 05:59:58', '1999-02-10 17:30:21');
INSERT INTO `media` (`id`, `media_type_id`, `user_id`, `body`, `filename`, `size`, `metadata`, `created_at`, `updated_at`) VALUES ('133', '133', '224', 'Tempore odio ea commodi dolor et numquam iste ipsam. Ab quod quos sit facere neque velit quas consequatur. Non est pariatur qui dolor.', 'explicabo', 0, NULL, '1973-12-11 03:58:21', '2013-03-30 20:56:06');
INSERT INTO `media` (`id`, `media_type_id`, `user_id`, `body`, `filename`, `size`, `metadata`, `created_at`, `updated_at`) VALUES ('134', '134', '226', 'Omnis voluptates ipsa deserunt. Distinctio harum quis recusandae magni quia et id. Sit dolorum qui doloremque velit repellat et eveniet.', 'autem', 0, NULL, '1975-11-08 08:20:01', '1977-03-19 18:59:24');
INSERT INTO `media` (`id`, `media_type_id`, `user_id`, `body`, `filename`, `size`, `metadata`, `created_at`, `updated_at`) VALUES ('135', '135', '227', 'Qui quos perferendis sit illum fuga quam voluptatum sunt. Et sed veniam nostrum eos harum facere et. Quod exercitationem sequi quas autem consequuntur. Quia at reprehenderit expedita voluptatum non nobis.', 'consectetur', 784950, NULL, '1976-04-09 19:14:22', '2013-10-01 13:07:06');
INSERT INTO `media` (`id`, `media_type_id`, `user_id`, `body`, `filename`, `size`, `metadata`, `created_at`, `updated_at`) VALUES ('136', '136', '228', 'Labore quod numquam fugiat reprehenderit. Eaque temporibus eos optio quis et omnis. Accusamus provident adipisci sed adipisci ab incidunt. Aut voluptatem sit rerum maiores.', 'quasi', 22584, NULL, '1981-03-22 17:30:09', '1990-06-22 23:04:39');
INSERT INTO `media` (`id`, `media_type_id`, `user_id`, `body`, `filename`, `size`, `metadata`, `created_at`, `updated_at`) VALUES ('137', '137', '229', 'Illum iure quam ducimus vero ullam. Voluptas veritatis nisi sequi totam ut aut eum eos. Et cumque doloremque incidunt quae quos ducimus laborum. Assumenda suscipit cum cumque perferendis et.', 'temporibus', 5, NULL, '2001-08-07 10:52:30', '2004-01-12 03:15:11');
INSERT INTO `media` (`id`, `media_type_id`, `user_id`, `body`, `filename`, `size`, `metadata`, `created_at`, `updated_at`) VALUES ('138', '138', '231', 'Non maiores quibusdam inventore tempore vel. Aut ratione deleniti odio qui et cupiditate qui. Commodi cumque officiis hic.', 'fugiat', 18104, NULL, '2014-03-13 07:34:04', '2007-06-06 03:01:29');
INSERT INTO `media` (`id`, `media_type_id`, `user_id`, `body`, `filename`, `size`, `metadata`, `created_at`, `updated_at`) VALUES ('139', '139', '233', 'Unde cum aut et est eius non. Molestiae repudiandae laborum ducimus in aut ipsam. Omnis nisi earum est eaque eos. Officia excepturi et accusantium dolores ipsum quo dolores praesentium. Ut eius provident ea quos at voluptas quo.', 'nemo', 48984, NULL, '2004-02-07 15:57:46', '2010-01-11 17:49:39');
INSERT INTO `media` (`id`, `media_type_id`, `user_id`, `body`, `filename`, `size`, `metadata`, `created_at`, `updated_at`) VALUES ('140', '140', '234', 'Pariatur sequi hic numquam officia expedita. Nam saepe rem dolorum ad quibusdam doloremque. Dolor in debitis quos dolorem. Commodi voluptatibus distinctio voluptatem quisquam aut optio vel.', 'excepturi', 0, NULL, '1991-06-16 06:23:39', '1971-03-29 06:35:28');
INSERT INTO `media` (`id`, `media_type_id`, `user_id`, `body`, `filename`, `size`, `metadata`, `created_at`, `updated_at`) VALUES ('141', '141', '235', 'Nesciunt fuga esse quos modi. Omnis qui a quam voluptas quia veritatis. Quia quisquam omnis ab at aut perferendis et.', 'corrupti', 712, NULL, '1981-01-28 22:12:24', '1986-05-07 10:08:27');
INSERT INTO `media` (`id`, `media_type_id`, `user_id`, `body`, `filename`, `size`, `metadata`, `created_at`, `updated_at`) VALUES ('142', '142', '236', 'Labore totam quas vel tempore. Blanditiis tempora tenetur praesentium et corrupti qui. Illo dolor iure dignissimos eveniet rem. Eos recusandae delectus omnis.', 'voluptatem', 49628377, NULL, '1994-11-09 15:43:14', '1995-11-05 16:09:43');
INSERT INTO `media` (`id`, `media_type_id`, `user_id`, `body`, `filename`, `size`, `metadata`, `created_at`, `updated_at`) VALUES ('143', '143', '238', 'Amet qui quae accusamus fugit. Ea doloribus cum voluptatem veritatis cum. Omnis cumque nam blanditiis quae nobis ab.', 'quis', 635892, NULL, '2010-08-25 18:25:01', '1988-11-06 12:29:40');
INSERT INTO `media` (`id`, `media_type_id`, `user_id`, `body`, `filename`, `size`, `metadata`, `created_at`, `updated_at`) VALUES ('144', '144', '239', 'Saepe dicta magnam et quis dolor. Nam sint ex labore.', 'corporis', 670655742, NULL, '1976-06-04 12:13:28', '2011-01-29 07:37:21');
INSERT INTO `media` (`id`, `media_type_id`, `user_id`, `body`, `filename`, `size`, `metadata`, `created_at`, `updated_at`) VALUES ('145', '145', '241', 'Vitae autem et necessitatibus dolores quidem qui perspiciatis. Est facilis neque quam exercitationem laboriosam at. Et eligendi est nesciunt qui aut nobis.', 'veritatis', 1047, NULL, '1985-04-04 13:33:05', '1986-08-06 04:23:56');
INSERT INTO `media` (`id`, `media_type_id`, `user_id`, `body`, `filename`, `size`, `metadata`, `created_at`, `updated_at`) VALUES ('146', '146', '242', 'Veritatis a non unde. Asperiores vel aut provident eum aut iusto. Et voluptatem blanditiis non et nulla qui. Vitae sed ullam perferendis ratione cumque ad quidem.', 'quod', 969708138, NULL, '1985-06-17 19:35:54', '1972-04-24 13:01:40');
INSERT INTO `media` (`id`, `media_type_id`, `user_id`, `body`, `filename`, `size`, `metadata`, `created_at`, `updated_at`) VALUES ('147', '147', '244', 'Veritatis necessitatibus esse ad provident. Sequi adipisci eaque delectus et.', 'natus', 229, NULL, '2016-10-26 05:15:14', '2006-04-27 15:28:53');
INSERT INTO `media` (`id`, `media_type_id`, `user_id`, `body`, `filename`, `size`, `metadata`, `created_at`, `updated_at`) VALUES ('148', '148', '245', 'Ex voluptatem laboriosam minima sit. Vel est accusamus deserunt inventore excepturi numquam fugiat. Dolor optio voluptas voluptas excepturi explicabo.', 'voluptas', 79, NULL, '2011-07-26 16:28:49', '1994-08-31 01:26:12');
INSERT INTO `media` (`id`, `media_type_id`, `user_id`, `body`, `filename`, `size`, `metadata`, `created_at`, `updated_at`) VALUES ('149', '149', '246', 'Est animi rerum quia a nihil eius dolor. Nulla quis amet architecto officiis. Molestiae expedita non dolore voluptatem et doloremque nihil.', 'qui', 657, NULL, '2002-09-07 22:16:17', '2019-01-22 01:17:00');
INSERT INTO `media` (`id`, `media_type_id`, `user_id`, `body`, `filename`, `size`, `metadata`, `created_at`, `updated_at`) VALUES ('150', '150', '248', 'Natus facilis praesentium in sequi quisquam expedita illum. Ipsum quam placeat illo tempore molestias iure est. Minus et aperiam sunt quas illo est sit. Vero a hic dignissimos ullam culpa.', 'voluptatem', 21690965, NULL, '2014-07-28 09:40:30', '2004-04-11 07:35:58');
INSERT INTO `media` (`id`, `media_type_id`, `user_id`, `body`, `filename`, `size`, `metadata`, `created_at`, `updated_at`) VALUES ('151', '151', '249', 'Sit minus consequuntur sit tempora neque facere dicta voluptas. Ipsam praesentium officia voluptatum qui maxime quam. Ad delectus id numquam qui. Distinctio vel nihil veritatis.', 'rerum', 7225, NULL, '1990-07-05 03:09:38', '2018-09-05 18:26:19');
INSERT INTO `media` (`id`, `media_type_id`, `user_id`, `body`, `filename`, `size`, `metadata`, `created_at`, `updated_at`) VALUES ('152', '152', '251', 'Voluptatem fuga delectus ut qui. Reprehenderit qui reiciendis rerum corrupti minus eveniet. Ipsam ad qui accusamus quibusdam id sint. Iste consequatur earum quis voluptas voluptates praesentium voluptatem.', 'commodi', 0, NULL, '1977-12-13 11:07:40', '1971-09-07 05:07:21');
INSERT INTO `media` (`id`, `media_type_id`, `user_id`, `body`, `filename`, `size`, `metadata`, `created_at`, `updated_at`) VALUES ('153', '153', '253', 'Quibusdam est eum eaque et. Quis error dolor maiores quaerat sequi repellat libero. Nesciunt placeat facilis facere voluptatem suscipit repellat. Inventore ea iure voluptates qui repudiandae assumenda.', 'porro', 4442763, NULL, '2006-04-19 12:37:15', '1986-08-01 19:22:09');
INSERT INTO `media` (`id`, `media_type_id`, `user_id`, `body`, `filename`, `size`, `metadata`, `created_at`, `updated_at`) VALUES ('154', '154', '254', 'Quis pariatur quibusdam a autem sed veritatis quisquam. Laboriosam exercitationem impedit odit temporibus dolorum aliquid voluptatem. Dolor aspernatur atque eveniet voluptas enim. Sequi accusamus illo qui.', 'deleniti', 4098, NULL, '1986-03-16 01:54:01', '1970-08-02 12:21:22');
INSERT INTO `media` (`id`, `media_type_id`, `user_id`, `body`, `filename`, `size`, `metadata`, `created_at`, `updated_at`) VALUES ('155', '155', '256', 'Vitae ab est ut fugiat maiores. Qui a ipsa dolorem. Minus ut inventore sequi vel doloremque recusandae. Nulla quis ut et ab.', 'sunt', 418830382, NULL, '2003-04-16 04:11:56', '1990-07-16 17:49:30');
INSERT INTO `media` (`id`, `media_type_id`, `user_id`, `body`, `filename`, `size`, `metadata`, `created_at`, `updated_at`) VALUES ('156', '156', '257', 'Dignissimos quae rerum velit qui unde adipisci. Numquam in vitae repudiandae alias aut voluptate culpa eos. Omnis sint ad accusantium inventore. Beatae aut veniam qui beatae natus.', 'cumque', 8985867, NULL, '2005-04-18 07:50:40', '1976-03-19 19:54:21');
INSERT INTO `media` (`id`, `media_type_id`, `user_id`, `body`, `filename`, `size`, `metadata`, `created_at`, `updated_at`) VALUES ('157', '157', '258', 'Et temporibus sit officiis quae sint assumenda animi odit. Nisi facilis sint dolorum. Earum est quidem sed autem dicta placeat voluptatibus.', 'nobis', 19399, NULL, '2019-01-03 06:20:53', '1976-11-05 14:48:22');
INSERT INTO `media` (`id`, `media_type_id`, `user_id`, `body`, `filename`, `size`, `metadata`, `created_at`, `updated_at`) VALUES ('158', '158', '259', 'Eos et sint eos odit inventore. Perferendis et porro eveniet quibusdam. Nulla accusantium doloribus est enim.', 'ipsam', 92269, NULL, '2017-11-29 15:57:51', '2002-10-17 09:44:51');
INSERT INTO `media` (`id`, `media_type_id`, `user_id`, `body`, `filename`, `size`, `metadata`, `created_at`, `updated_at`) VALUES ('159', '159', '261', 'Qui voluptatum quia voluptate corrupti ducimus qui quo molestiae. Possimus distinctio magnam non est nihil corporis consequatur. Odit ut veniam repudiandae occaecati et qui.', 'expedita', 8, NULL, '1986-10-31 02:07:44', '2013-12-30 04:35:29');
INSERT INTO `media` (`id`, `media_type_id`, `user_id`, `body`, `filename`, `size`, `metadata`, `created_at`, `updated_at`) VALUES ('160', '160', '262', 'Vero eligendi sit ducimus architecto laborum dolorem. Voluptate nihil reprehenderit possimus delectus. Porro asperiores aut mollitia dolorem. Sint ipsa sit est sint beatae illum.', 'nam', 76, NULL, '2014-12-16 12:10:12', '1980-06-13 16:18:28');
INSERT INTO `media` (`id`, `media_type_id`, `user_id`, `body`, `filename`, `size`, `metadata`, `created_at`, `updated_at`) VALUES ('161', '161', '264', 'Totam nisi nam consequatur sit. Provident nisi qui dignissimos ipsum eaque. Deserunt et quo ut. In non odit officia ratione nemo saepe est maxime.', 'mollitia', 5, NULL, '2010-08-21 18:57:22', '1982-03-08 14:07:27');
INSERT INTO `media` (`id`, `media_type_id`, `user_id`, `body`, `filename`, `size`, `metadata`, `created_at`, `updated_at`) VALUES ('162', '162', '266', 'Autem sed eligendi asperiores ducimus quibusdam. Quia eum possimus eos voluptate. Sit blanditiis sit beatae harum illum similique ullam optio.', 'animi', 0, NULL, '1992-09-08 17:25:04', '2020-06-28 14:37:49');
INSERT INTO `media` (`id`, `media_type_id`, `user_id`, `body`, `filename`, `size`, `metadata`, `created_at`, `updated_at`) VALUES ('163', '163', '268', 'Quae ut temporibus laboriosam molestias. Et aut enim vero eligendi.', 'corrupti', 0, NULL, '2020-06-16 04:54:19', '2000-07-27 12:08:46');
INSERT INTO `media` (`id`, `media_type_id`, `user_id`, `body`, `filename`, `size`, `metadata`, `created_at`, `updated_at`) VALUES ('164', '164', '269', 'Nihil cum aliquid aut vel et sequi. Accusantium voluptatem et vel corporis eveniet consequuntur. Impedit libero rem sed at. Saepe adipisci blanditiis accusamus doloremque.', 'repudiandae', 995895198, NULL, '1971-03-24 22:04:42', '1996-03-06 00:34:13');
INSERT INTO `media` (`id`, `media_type_id`, `user_id`, `body`, `filename`, `size`, `metadata`, `created_at`, `updated_at`) VALUES ('165', '165', '270', 'Non qui quo est nihil accusamus in qui illum. Qui temporibus iste velit facere eos natus est. Accusantium omnis rerum odio qui provident. Animi delectus et qui enim accusamus quis est. Sed et quibusdam eos consequatur dolorem magni et.', 'nulla', 8, NULL, '1979-07-12 22:13:52', '1983-09-09 10:37:19');
INSERT INTO `media` (`id`, `media_type_id`, `user_id`, `body`, `filename`, `size`, `metadata`, `created_at`, `updated_at`) VALUES ('166', '166', '271', 'Est ab quia dolore qui distinctio est voluptatum consequuntur. Sit minus maxime fugit nostrum error.', 'nam', 20, NULL, '1973-09-12 16:35:38', '2003-04-02 20:41:08');
INSERT INTO `media` (`id`, `media_type_id`, `user_id`, `body`, `filename`, `size`, `metadata`, `created_at`, `updated_at`) VALUES ('167', '167', '272', 'A consequatur ipsum voluptas nulla molestiae nam repellendus. Sapiente voluptate fugiat iste quia. Voluptatum numquam libero rerum possimus eos et quos rem. Eum aut qui officia. Adipisci voluptates neque laudantium quis in doloribus amet.', 'similique', 24411, NULL, '2005-09-08 04:05:27', '1976-05-07 12:24:15');
INSERT INTO `media` (`id`, `media_type_id`, `user_id`, `body`, `filename`, `size`, `metadata`, `created_at`, `updated_at`) VALUES ('168', '168', '274', 'Quia adipisci nemo iusto et voluptatem quibusdam recusandae. Impedit deleniti earum rerum incidunt. Consequatur aut explicabo id a.', 'dolores', 908, NULL, '1995-07-06 05:45:27', '1987-01-16 21:33:58');
INSERT INTO `media` (`id`, `media_type_id`, `user_id`, `body`, `filename`, `size`, `metadata`, `created_at`, `updated_at`) VALUES ('169', '169', '275', 'Vel nam qui at cupiditate. Possimus quia quisquam sunt quia cupiditate esse repudiandae. Neque dolor nihil dolorem et eligendi quisquam consectetur.', 'asperiores', 843, NULL, '1987-07-06 06:28:54', '2005-11-21 18:16:02');
INSERT INTO `media` (`id`, `media_type_id`, `user_id`, `body`, `filename`, `size`, `metadata`, `created_at`, `updated_at`) VALUES ('170', '170', '279', 'Rerum similique nemo eum. Voluptatem voluptatem voluptas sunt sit animi. Optio perferendis molestias est odio. Minima consequatur ipsam ratione accusamus id modi possimus. Iure eius reprehenderit et inventore natus.', 'nihil', 6, NULL, '2019-04-16 18:08:12', '2008-05-15 13:34:47');
INSERT INTO `media` (`id`, `media_type_id`, `user_id`, `body`, `filename`, `size`, `metadata`, `created_at`, `updated_at`) VALUES ('171', '171', '280', 'Sequi cumque dolorem voluptatem nulla. Eos tempora accusamus dolorem est. Blanditiis quis eos sed.', 'odit', 151, NULL, '2012-10-16 12:40:41', '1993-05-15 01:29:36');
INSERT INTO `media` (`id`, `media_type_id`, `user_id`, `body`, `filename`, `size`, `metadata`, `created_at`, `updated_at`) VALUES ('172', '172', '281', 'Id iste ut doloribus cum non. Qui sint deleniti omnis eius suscipit sapiente aut.', 'assumenda', 164, NULL, '1999-12-15 17:05:10', '1997-02-04 07:33:04');
INSERT INTO `media` (`id`, `media_type_id`, `user_id`, `body`, `filename`, `size`, `metadata`, `created_at`, `updated_at`) VALUES ('173', '173', '285', 'Voluptatem rerum distinctio qui sit aut. Quia ipsum molestiae hic corporis saepe autem suscipit assumenda. Beatae quas quibusdam qui saepe necessitatibus. Odit voluptatem quas dolore neque non.', 'possimus', 72543409, NULL, '1991-12-27 19:24:07', '2006-08-28 07:02:41');
INSERT INTO `media` (`id`, `media_type_id`, `user_id`, `body`, `filename`, `size`, `metadata`, `created_at`, `updated_at`) VALUES ('174', '174', '289', 'Aut vero et itaque. Repellat mollitia et dolore. Labore dolorem laborum ab vitae dolor nemo occaecati. Ducimus alias ut numquam et atque similique.', 'commodi', 0, NULL, '2016-01-27 21:57:55', '1977-06-09 17:29:33');
INSERT INTO `media` (`id`, `media_type_id`, `user_id`, `body`, `filename`, `size`, `metadata`, `created_at`, `updated_at`) VALUES ('175', '175', '292', 'Voluptas et eius quaerat consequuntur dolores esse velit. Amet aperiam ipsam at rerum. Aut deserunt qui odio dolorem commodi.', 'autem', 1, NULL, '2011-11-08 22:47:56', '1989-01-22 21:07:12');
INSERT INTO `media` (`id`, `media_type_id`, `user_id`, `body`, `filename`, `size`, `metadata`, `created_at`, `updated_at`) VALUES ('176', '176', '294', 'Ullam maiores earum et voluptatibus non minus non. Sed voluptas nesciunt et quia soluta quibusdam. Aut cumque provident necessitatibus corporis voluptatibus praesentium omnis culpa. Porro reprehenderit qui ut autem.', 'molestiae', 5788, NULL, '1985-04-07 00:46:13', '1973-12-21 15:11:38');
INSERT INTO `media` (`id`, `media_type_id`, `user_id`, `body`, `filename`, `size`, `metadata`, `created_at`, `updated_at`) VALUES ('177', '177', '295', 'Et vel sit cumque. Possimus harum nulla aperiam aliquam voluptatum. Omnis similique ratione totam iusto nihil dolorem.', 'voluptatem', 4691, NULL, '1988-05-21 05:09:31', '1971-11-27 11:12:37');
INSERT INTO `media` (`id`, `media_type_id`, `user_id`, `body`, `filename`, `size`, `metadata`, `created_at`, `updated_at`) VALUES ('178', '178', '296', 'Tenetur in nulla quasi modi. Exercitationem nulla quidem ratione. Minima a quia esse sunt maiores autem magnam.', 'ut', 31975250, NULL, '1972-07-07 05:44:21', '2013-10-23 08:26:33');
INSERT INTO `media` (`id`, `media_type_id`, `user_id`, `body`, `filename`, `size`, `metadata`, `created_at`, `updated_at`) VALUES ('179', '179', '297', 'Aliquam laudantium eveniet voluptas inventore excepturi molestiae distinctio sapiente. Id ducimus quaerat voluptatum. Consequatur suscipit est tenetur minus aut blanditiis veniam.', 'porro', 3, NULL, '1977-02-10 04:21:31', '2008-01-07 20:53:53');
INSERT INTO `media` (`id`, `media_type_id`, `user_id`, `body`, `filename`, `size`, `metadata`, `created_at`, `updated_at`) VALUES ('180', '180', '298', 'Impedit et et dolorem suscipit culpa. Soluta molestias corporis magni harum. Laboriosam voluptatem sequi est ut odio. Molestiae omnis quis neque est.', 'possimus', 85760, NULL, '1982-12-11 21:51:03', '1997-03-21 00:45:01');
INSERT INTO `media` (`id`, `media_type_id`, `user_id`, `body`, `filename`, `size`, `metadata`, `created_at`, `updated_at`) VALUES ('181', '181', '299', 'Et consequatur in excepturi nulla dolor officia facilis non. Omnis sunt quidem amet consequatur ad architecto similique. Illum distinctio in minima qui et ab. Sit iure deleniti ea aperiam nemo aut perspiciatis. Fuga molestiae officiis cum quod.', 'quod', 0, NULL, '2019-05-06 22:22:01', '1982-05-06 08:37:25');
INSERT INTO `media` (`id`, `media_type_id`, `user_id`, `body`, `filename`, `size`, `metadata`, `created_at`, `updated_at`) VALUES ('182', '182', '300', 'Mollitia fugiat molestiae blanditiis aut repellendus fugiat. Libero dolores unde soluta eum ipsum adipisci. Consequatur quia nemo expedita maxime ut consequuntur exercitationem. Excepturi officia dolor laboriosam distinctio aliquid. Ut tenetur non magni esse.', 'nihil', 573299, NULL, '1986-01-13 17:45:32', '2011-01-27 10:24:02');
INSERT INTO `media` (`id`, `media_type_id`, `user_id`, `body`, `filename`, `size`, `metadata`, `created_at`, `updated_at`) VALUES ('183', '183', '301', 'Rerum sed expedita enim omnis error modi. Numquam necessitatibus accusantium totam. Recusandae modi non laudantium culpa vel voluptatem.', 'officiis', 387062, NULL, '2011-09-20 04:55:24', '2000-09-28 11:27:25');
INSERT INTO `media` (`id`, `media_type_id`, `user_id`, `body`, `filename`, `size`, `metadata`, `created_at`, `updated_at`) VALUES ('184', '184', '302', 'Velit est nihil magni aut non voluptatibus porro. Eum doloribus quae aperiam qui. Sapiente illo error reprehenderit.', 'maiores', 4040692, NULL, '1998-07-17 06:12:35', '2007-12-29 03:31:14');
INSERT INTO `media` (`id`, `media_type_id`, `user_id`, `body`, `filename`, `size`, `metadata`, `created_at`, `updated_at`) VALUES ('185', '185', '304', 'Earum tempora qui illum voluptatibus quibusdam. Occaecati voluptas ea quia qui et. Omnis esse reprehenderit veniam sapiente laborum.', 'eius', 3569, NULL, '2020-03-12 05:15:23', '2011-11-28 23:37:01');
INSERT INTO `media` (`id`, `media_type_id`, `user_id`, `body`, `filename`, `size`, `metadata`, `created_at`, `updated_at`) VALUES ('186', '186', '305', 'Quia laudantium repellat ipsum aut. Iste in iste soluta aut. Recusandae excepturi ut consectetur perspiciatis.', 'dolorem', 0, NULL, '1991-06-24 05:09:31', '1972-06-10 14:06:12');
INSERT INTO `media` (`id`, `media_type_id`, `user_id`, `body`, `filename`, `size`, `metadata`, `created_at`, `updated_at`) VALUES ('187', '187', '306', 'Reprehenderit deleniti rerum quod in. Sit beatae nesciunt expedita facilis. Temporibus quia dignissimos dolores eum animi.', 'consequatur', 719845720, NULL, '2003-11-26 09:05:34', '1990-06-26 02:47:51');
INSERT INTO `media` (`id`, `media_type_id`, `user_id`, `body`, `filename`, `size`, `metadata`, `created_at`, `updated_at`) VALUES ('188', '188', '307', 'Omnis voluptate et maxime voluptatem eveniet dolor molestiae. Voluptas dolorum et non sit occaecati iusto. A eligendi omnis ut itaque et.', 'dignissimos', 7245, NULL, '1977-03-31 03:18:28', '1988-09-23 23:57:38');
INSERT INTO `media` (`id`, `media_type_id`, `user_id`, `body`, `filename`, `size`, `metadata`, `created_at`, `updated_at`) VALUES ('189', '189', '308', 'At veniam quod placeat nobis ullam dolore voluptatem. Quos inventore ea error rerum mollitia tempora recusandae. Ratione nam qui ratione itaque enim accusantium et. Dolor illo voluptas vitae.', 'rerum', 55359, NULL, '1981-02-03 05:34:28', '1995-03-30 06:07:09');
INSERT INTO `media` (`id`, `media_type_id`, `user_id`, `body`, `filename`, `size`, `metadata`, `created_at`, `updated_at`) VALUES ('190', '190', '311', 'Perspiciatis et error et harum ipsa. Cum amet quas sed tempora. Et minima ut quam soluta qui nihil modi reprehenderit. Ab sed enim aut.', 'omnis', 59185, NULL, '1977-11-28 04:31:35', '2011-11-10 00:10:01');
INSERT INTO `media` (`id`, `media_type_id`, `user_id`, `body`, `filename`, `size`, `metadata`, `created_at`, `updated_at`) VALUES ('191', '191', '314', 'Deserunt facilis consequatur magnam hic. Omnis laboriosam voluptate autem mollitia. Officia rem quas veniam id eveniet.', 'qui', 0, NULL, '2000-08-09 18:23:27', '1987-11-27 10:42:40');
INSERT INTO `media` (`id`, `media_type_id`, `user_id`, `body`, `filename`, `size`, `metadata`, `created_at`, `updated_at`) VALUES ('192', '192', '315', 'In ex voluptatem quibusdam. Unde rerum voluptatem molestias eveniet aut et sed tenetur. Omnis consequuntur vero blanditiis doloremque. Facilis nisi pariatur nesciunt rem.', 'voluptatem', 7044, NULL, '1972-11-10 04:45:23', '1986-03-06 08:21:10');
INSERT INTO `media` (`id`, `media_type_id`, `user_id`, `body`, `filename`, `size`, `metadata`, `created_at`, `updated_at`) VALUES ('193', '193', '316', 'Quibusdam quam vero ut doloribus et numquam sunt ipsam. Magni maxime repellat nesciunt et quaerat placeat aut. Temporibus enim eligendi molestias est quaerat sequi quos. Corporis enim itaque itaque.', 'ex', 997716914, NULL, '1979-09-26 08:52:45', '2010-09-08 13:09:45');
INSERT INTO `media` (`id`, `media_type_id`, `user_id`, `body`, `filename`, `size`, `metadata`, `created_at`, `updated_at`) VALUES ('194', '194', '317', 'Impedit minima quia dolor sequi saepe. Omnis beatae reprehenderit eos sunt quia unde eos. Et aut est odio et et facilis corporis.', 'ipsum', 1895, NULL, '1986-05-23 22:51:10', '2016-11-01 08:17:27');
INSERT INTO `media` (`id`, `media_type_id`, `user_id`, `body`, `filename`, `size`, `metadata`, `created_at`, `updated_at`) VALUES ('195', '195', '318', 'Tempora vel est dolorum voluptas dolores at neque qui. Autem voluptas ad voluptates et maiores rerum beatae. Mollitia quam et voluptatem et ut qui. Laboriosam quia aut rerum inventore.', 'et', 10670280, NULL, '2009-05-15 13:36:18', '1997-01-30 18:57:17');
INSERT INTO `media` (`id`, `media_type_id`, `user_id`, `body`, `filename`, `size`, `metadata`, `created_at`, `updated_at`) VALUES ('196', '196', '319', 'Ea molestias natus consequatur voluptas amet rerum. Sunt cupiditate quia rerum voluptas perferendis consequatur et. Rem fugiat sint quia consequatur voluptatem. Praesentium placeat facere recusandae doloribus.', 'error', 818545787, NULL, '2003-11-06 09:08:06', '2001-08-11 20:32:27');
INSERT INTO `media` (`id`, `media_type_id`, `user_id`, `body`, `filename`, `size`, `metadata`, `created_at`, `updated_at`) VALUES ('197', '197', '321', 'Minus voluptatibus quae corporis assumenda quasi et. Fugiat vel rerum nihil nulla. Ut at ipsam quidem officia numquam quia sed. Fugit velit quae quas laborum iusto quas voluptas.', 'nihil', 9041545, NULL, '1973-07-16 04:22:09', '2014-07-16 23:27:30');
INSERT INTO `media` (`id`, `media_type_id`, `user_id`, `body`, `filename`, `size`, `metadata`, `created_at`, `updated_at`) VALUES ('198', '198', '325', 'Provident dolorem quae deserunt facilis. Nulla aut eius dolores quidem similique. Ea quam sequi excepturi iure rerum facilis.', 'non', 8255, NULL, '1986-05-20 13:35:11', '2021-04-19 22:21:34');
INSERT INTO `media` (`id`, `media_type_id`, `user_id`, `body`, `filename`, `size`, `metadata`, `created_at`, `updated_at`) VALUES ('199', '199', '326', 'Ducimus animi officiis doloremque voluptatem. Quidem ipsa sit rem non possimus. Magnam sunt voluptates neque illum omnis aut quaerat temporibus.', 'quo', 79, NULL, '1984-06-09 17:52:13', '2012-12-11 00:37:00');
INSERT INTO `media` (`id`, `media_type_id`, `user_id`, `body`, `filename`, `size`, `metadata`, `created_at`, `updated_at`) VALUES ('200', '200', '327', 'Aut debitis odio dignissimos nulla atque. Labore consequatur dolore magni cupiditate pariatur. Aut perferendis commodi a id qui id. Est qui dolorem et et illo vel commodi.', 'voluptatem', 2948874, NULL, '1982-12-29 07:35:48', '2012-12-03 11:57:28');


#
# TABLE STRUCTURE FOR: media_likes
#

DROP TABLE IF EXISTS `media_likes`;

CREATE TABLE `media_likes` (
  `id` bigint(20) unsigned NOT NULL AUTO_INCREMENT,
  `media_id` bigint(20) unsigned NOT NULL,
  PRIMARY KEY (`id`),
  UNIQUE KEY `media_id` (`media_id`),
  CONSTRAINT `media_likes_ibfk_1` FOREIGN KEY (`media_id`) REFERENCES `media` (`id`)
) ENGINE=InnoDB AUTO_INCREMENT=201 DEFAULT CHARSET=utf8mb4 COLLATE=utf8mb4_unicode_ci;

INSERT INTO `media_likes` (`id`, `media_id`) VALUES ('1', '1');
INSERT INTO `media_likes` (`id`, `media_id`) VALUES ('2', '2');
INSERT INTO `media_likes` (`id`, `media_id`) VALUES ('3', '3');
INSERT INTO `media_likes` (`id`, `media_id`) VALUES ('4', '4');
INSERT INTO `media_likes` (`id`, `media_id`) VALUES ('5', '5');
INSERT INTO `media_likes` (`id`, `media_id`) VALUES ('6', '6');
INSERT INTO `media_likes` (`id`, `media_id`) VALUES ('7', '7');
INSERT INTO `media_likes` (`id`, `media_id`) VALUES ('8', '8');
INSERT INTO `media_likes` (`id`, `media_id`) VALUES ('9', '9');
INSERT INTO `media_likes` (`id`, `media_id`) VALUES ('10', '10');
INSERT INTO `media_likes` (`id`, `media_id`) VALUES ('11', '11');
INSERT INTO `media_likes` (`id`, `media_id`) VALUES ('12', '12');
INSERT INTO `media_likes` (`id`, `media_id`) VALUES ('13', '13');
INSERT INTO `media_likes` (`id`, `media_id`) VALUES ('14', '14');
INSERT INTO `media_likes` (`id`, `media_id`) VALUES ('15', '15');
INSERT INTO `media_likes` (`id`, `media_id`) VALUES ('16', '16');
INSERT INTO `media_likes` (`id`, `media_id`) VALUES ('17', '17');
INSERT INTO `media_likes` (`id`, `media_id`) VALUES ('18', '18');
INSERT INTO `media_likes` (`id`, `media_id`) VALUES ('19', '19');
INSERT INTO `media_likes` (`id`, `media_id`) VALUES ('20', '20');
INSERT INTO `media_likes` (`id`, `media_id`) VALUES ('21', '21');
INSERT INTO `media_likes` (`id`, `media_id`) VALUES ('22', '22');
INSERT INTO `media_likes` (`id`, `media_id`) VALUES ('23', '23');
INSERT INTO `media_likes` (`id`, `media_id`) VALUES ('24', '24');
INSERT INTO `media_likes` (`id`, `media_id`) VALUES ('25', '25');
INSERT INTO `media_likes` (`id`, `media_id`) VALUES ('26', '26');
INSERT INTO `media_likes` (`id`, `media_id`) VALUES ('27', '27');
INSERT INTO `media_likes` (`id`, `media_id`) VALUES ('28', '28');
INSERT INTO `media_likes` (`id`, `media_id`) VALUES ('29', '29');
INSERT INTO `media_likes` (`id`, `media_id`) VALUES ('30', '30');
INSERT INTO `media_likes` (`id`, `media_id`) VALUES ('31', '31');
INSERT INTO `media_likes` (`id`, `media_id`) VALUES ('32', '32');
INSERT INTO `media_likes` (`id`, `media_id`) VALUES ('33', '33');
INSERT INTO `media_likes` (`id`, `media_id`) VALUES ('34', '34');
INSERT INTO `media_likes` (`id`, `media_id`) VALUES ('35', '35');
INSERT INTO `media_likes` (`id`, `media_id`) VALUES ('36', '36');
INSERT INTO `media_likes` (`id`, `media_id`) VALUES ('37', '37');
INSERT INTO `media_likes` (`id`, `media_id`) VALUES ('38', '38');
INSERT INTO `media_likes` (`id`, `media_id`) VALUES ('39', '39');
INSERT INTO `media_likes` (`id`, `media_id`) VALUES ('40', '40');
INSERT INTO `media_likes` (`id`, `media_id`) VALUES ('41', '41');
INSERT INTO `media_likes` (`id`, `media_id`) VALUES ('42', '42');
INSERT INTO `media_likes` (`id`, `media_id`) VALUES ('43', '43');
INSERT INTO `media_likes` (`id`, `media_id`) VALUES ('44', '44');
INSERT INTO `media_likes` (`id`, `media_id`) VALUES ('45', '45');
INSERT INTO `media_likes` (`id`, `media_id`) VALUES ('46', '46');
INSERT INTO `media_likes` (`id`, `media_id`) VALUES ('47', '47');
INSERT INTO `media_likes` (`id`, `media_id`) VALUES ('48', '48');
INSERT INTO `media_likes` (`id`, `media_id`) VALUES ('49', '49');
INSERT INTO `media_likes` (`id`, `media_id`) VALUES ('50', '50');
INSERT INTO `media_likes` (`id`, `media_id`) VALUES ('51', '51');
INSERT INTO `media_likes` (`id`, `media_id`) VALUES ('52', '52');
INSERT INTO `media_likes` (`id`, `media_id`) VALUES ('53', '53');
INSERT INTO `media_likes` (`id`, `media_id`) VALUES ('54', '54');
INSERT INTO `media_likes` (`id`, `media_id`) VALUES ('55', '55');
INSERT INTO `media_likes` (`id`, `media_id`) VALUES ('56', '56');
INSERT INTO `media_likes` (`id`, `media_id`) VALUES ('57', '57');
INSERT INTO `media_likes` (`id`, `media_id`) VALUES ('58', '58');
INSERT INTO `media_likes` (`id`, `media_id`) VALUES ('59', '59');
INSERT INTO `media_likes` (`id`, `media_id`) VALUES ('60', '60');
INSERT INTO `media_likes` (`id`, `media_id`) VALUES ('61', '61');
INSERT INTO `media_likes` (`id`, `media_id`) VALUES ('62', '62');
INSERT INTO `media_likes` (`id`, `media_id`) VALUES ('63', '63');
INSERT INTO `media_likes` (`id`, `media_id`) VALUES ('64', '64');
INSERT INTO `media_likes` (`id`, `media_id`) VALUES ('65', '65');
INSERT INTO `media_likes` (`id`, `media_id`) VALUES ('66', '66');
INSERT INTO `media_likes` (`id`, `media_id`) VALUES ('67', '67');
INSERT INTO `media_likes` (`id`, `media_id`) VALUES ('68', '68');
INSERT INTO `media_likes` (`id`, `media_id`) VALUES ('69', '69');
INSERT INTO `media_likes` (`id`, `media_id`) VALUES ('70', '70');
INSERT INTO `media_likes` (`id`, `media_id`) VALUES ('71', '71');
INSERT INTO `media_likes` (`id`, `media_id`) VALUES ('72', '72');
INSERT INTO `media_likes` (`id`, `media_id`) VALUES ('73', '73');
INSERT INTO `media_likes` (`id`, `media_id`) VALUES ('74', '74');
INSERT INTO `media_likes` (`id`, `media_id`) VALUES ('75', '75');
INSERT INTO `media_likes` (`id`, `media_id`) VALUES ('76', '76');
INSERT INTO `media_likes` (`id`, `media_id`) VALUES ('77', '77');
INSERT INTO `media_likes` (`id`, `media_id`) VALUES ('78', '78');
INSERT INTO `media_likes` (`id`, `media_id`) VALUES ('79', '79');
INSERT INTO `media_likes` (`id`, `media_id`) VALUES ('80', '80');
INSERT INTO `media_likes` (`id`, `media_id`) VALUES ('81', '81');
INSERT INTO `media_likes` (`id`, `media_id`) VALUES ('82', '82');
INSERT INTO `media_likes` (`id`, `media_id`) VALUES ('83', '83');
INSERT INTO `media_likes` (`id`, `media_id`) VALUES ('84', '84');
INSERT INTO `media_likes` (`id`, `media_id`) VALUES ('85', '85');
INSERT INTO `media_likes` (`id`, `media_id`) VALUES ('86', '86');
INSERT INTO `media_likes` (`id`, `media_id`) VALUES ('87', '87');
INSERT INTO `media_likes` (`id`, `media_id`) VALUES ('88', '88');
INSERT INTO `media_likes` (`id`, `media_id`) VALUES ('89', '89');
INSERT INTO `media_likes` (`id`, `media_id`) VALUES ('90', '90');
INSERT INTO `media_likes` (`id`, `media_id`) VALUES ('91', '91');
INSERT INTO `media_likes` (`id`, `media_id`) VALUES ('92', '92');
INSERT INTO `media_likes` (`id`, `media_id`) VALUES ('93', '93');
INSERT INTO `media_likes` (`id`, `media_id`) VALUES ('94', '94');
INSERT INTO `media_likes` (`id`, `media_id`) VALUES ('95', '95');
INSERT INTO `media_likes` (`id`, `media_id`) VALUES ('96', '96');
INSERT INTO `media_likes` (`id`, `media_id`) VALUES ('97', '97');
INSERT INTO `media_likes` (`id`, `media_id`) VALUES ('98', '98');
INSERT INTO `media_likes` (`id`, `media_id`) VALUES ('99', '99');
INSERT INTO `media_likes` (`id`, `media_id`) VALUES ('100', '100');
INSERT INTO `media_likes` (`id`, `media_id`) VALUES ('101', '101');
INSERT INTO `media_likes` (`id`, `media_id`) VALUES ('102', '102');
INSERT INTO `media_likes` (`id`, `media_id`) VALUES ('103', '103');
INSERT INTO `media_likes` (`id`, `media_id`) VALUES ('104', '104');
INSERT INTO `media_likes` (`id`, `media_id`) VALUES ('105', '105');
INSERT INTO `media_likes` (`id`, `media_id`) VALUES ('106', '106');
INSERT INTO `media_likes` (`id`, `media_id`) VALUES ('107', '107');
INSERT INTO `media_likes` (`id`, `media_id`) VALUES ('108', '108');
INSERT INTO `media_likes` (`id`, `media_id`) VALUES ('109', '109');
INSERT INTO `media_likes` (`id`, `media_id`) VALUES ('110', '110');
INSERT INTO `media_likes` (`id`, `media_id`) VALUES ('111', '111');
INSERT INTO `media_likes` (`id`, `media_id`) VALUES ('112', '112');
INSERT INTO `media_likes` (`id`, `media_id`) VALUES ('113', '113');
INSERT INTO `media_likes` (`id`, `media_id`) VALUES ('114', '114');
INSERT INTO `media_likes` (`id`, `media_id`) VALUES ('115', '115');
INSERT INTO `media_likes` (`id`, `media_id`) VALUES ('116', '116');
INSERT INTO `media_likes` (`id`, `media_id`) VALUES ('117', '117');
INSERT INTO `media_likes` (`id`, `media_id`) VALUES ('118', '118');
INSERT INTO `media_likes` (`id`, `media_id`) VALUES ('119', '119');
INSERT INTO `media_likes` (`id`, `media_id`) VALUES ('120', '120');
INSERT INTO `media_likes` (`id`, `media_id`) VALUES ('121', '121');
INSERT INTO `media_likes` (`id`, `media_id`) VALUES ('122', '122');
INSERT INTO `media_likes` (`id`, `media_id`) VALUES ('123', '123');
INSERT INTO `media_likes` (`id`, `media_id`) VALUES ('124', '124');
INSERT INTO `media_likes` (`id`, `media_id`) VALUES ('125', '125');
INSERT INTO `media_likes` (`id`, `media_id`) VALUES ('126', '126');
INSERT INTO `media_likes` (`id`, `media_id`) VALUES ('127', '127');
INSERT INTO `media_likes` (`id`, `media_id`) VALUES ('128', '128');
INSERT INTO `media_likes` (`id`, `media_id`) VALUES ('129', '129');
INSERT INTO `media_likes` (`id`, `media_id`) VALUES ('130', '130');
INSERT INTO `media_likes` (`id`, `media_id`) VALUES ('131', '131');
INSERT INTO `media_likes` (`id`, `media_id`) VALUES ('132', '132');
INSERT INTO `media_likes` (`id`, `media_id`) VALUES ('133', '133');
INSERT INTO `media_likes` (`id`, `media_id`) VALUES ('134', '134');
INSERT INTO `media_likes` (`id`, `media_id`) VALUES ('135', '135');
INSERT INTO `media_likes` (`id`, `media_id`) VALUES ('136', '136');
INSERT INTO `media_likes` (`id`, `media_id`) VALUES ('137', '137');
INSERT INTO `media_likes` (`id`, `media_id`) VALUES ('138', '138');
INSERT INTO `media_likes` (`id`, `media_id`) VALUES ('139', '139');
INSERT INTO `media_likes` (`id`, `media_id`) VALUES ('140', '140');
INSERT INTO `media_likes` (`id`, `media_id`) VALUES ('141', '141');
INSERT INTO `media_likes` (`id`, `media_id`) VALUES ('142', '142');
INSERT INTO `media_likes` (`id`, `media_id`) VALUES ('143', '143');
INSERT INTO `media_likes` (`id`, `media_id`) VALUES ('144', '144');
INSERT INTO `media_likes` (`id`, `media_id`) VALUES ('145', '145');
INSERT INTO `media_likes` (`id`, `media_id`) VALUES ('146', '146');
INSERT INTO `media_likes` (`id`, `media_id`) VALUES ('147', '147');
INSERT INTO `media_likes` (`id`, `media_id`) VALUES ('148', '148');
INSERT INTO `media_likes` (`id`, `media_id`) VALUES ('149', '149');
INSERT INTO `media_likes` (`id`, `media_id`) VALUES ('150', '150');
INSERT INTO `media_likes` (`id`, `media_id`) VALUES ('151', '151');
INSERT INTO `media_likes` (`id`, `media_id`) VALUES ('152', '152');
INSERT INTO `media_likes` (`id`, `media_id`) VALUES ('153', '153');
INSERT INTO `media_likes` (`id`, `media_id`) VALUES ('154', '154');
INSERT INTO `media_likes` (`id`, `media_id`) VALUES ('155', '155');
INSERT INTO `media_likes` (`id`, `media_id`) VALUES ('156', '156');
INSERT INTO `media_likes` (`id`, `media_id`) VALUES ('157', '157');
INSERT INTO `media_likes` (`id`, `media_id`) VALUES ('158', '158');
INSERT INTO `media_likes` (`id`, `media_id`) VALUES ('159', '159');
INSERT INTO `media_likes` (`id`, `media_id`) VALUES ('160', '160');
INSERT INTO `media_likes` (`id`, `media_id`) VALUES ('161', '161');
INSERT INTO `media_likes` (`id`, `media_id`) VALUES ('162', '162');
INSERT INTO `media_likes` (`id`, `media_id`) VALUES ('163', '163');
INSERT INTO `media_likes` (`id`, `media_id`) VALUES ('164', '164');
INSERT INTO `media_likes` (`id`, `media_id`) VALUES ('165', '165');
INSERT INTO `media_likes` (`id`, `media_id`) VALUES ('166', '166');
INSERT INTO `media_likes` (`id`, `media_id`) VALUES ('167', '167');
INSERT INTO `media_likes` (`id`, `media_id`) VALUES ('168', '168');
INSERT INTO `media_likes` (`id`, `media_id`) VALUES ('169', '169');
INSERT INTO `media_likes` (`id`, `media_id`) VALUES ('170', '170');
INSERT INTO `media_likes` (`id`, `media_id`) VALUES ('171', '171');
INSERT INTO `media_likes` (`id`, `media_id`) VALUES ('172', '172');
INSERT INTO `media_likes` (`id`, `media_id`) VALUES ('173', '173');
INSERT INTO `media_likes` (`id`, `media_id`) VALUES ('174', '174');
INSERT INTO `media_likes` (`id`, `media_id`) VALUES ('175', '175');
INSERT INTO `media_likes` (`id`, `media_id`) VALUES ('176', '176');
INSERT INTO `media_likes` (`id`, `media_id`) VALUES ('177', '177');
INSERT INTO `media_likes` (`id`, `media_id`) VALUES ('178', '178');
INSERT INTO `media_likes` (`id`, `media_id`) VALUES ('179', '179');
INSERT INTO `media_likes` (`id`, `media_id`) VALUES ('180', '180');
INSERT INTO `media_likes` (`id`, `media_id`) VALUES ('181', '181');
INSERT INTO `media_likes` (`id`, `media_id`) VALUES ('182', '182');
INSERT INTO `media_likes` (`id`, `media_id`) VALUES ('183', '183');
INSERT INTO `media_likes` (`id`, `media_id`) VALUES ('184', '184');
INSERT INTO `media_likes` (`id`, `media_id`) VALUES ('185', '185');
INSERT INTO `media_likes` (`id`, `media_id`) VALUES ('186', '186');
INSERT INTO `media_likes` (`id`, `media_id`) VALUES ('187', '187');
INSERT INTO `media_likes` (`id`, `media_id`) VALUES ('188', '188');
INSERT INTO `media_likes` (`id`, `media_id`) VALUES ('189', '189');
INSERT INTO `media_likes` (`id`, `media_id`) VALUES ('190', '190');
INSERT INTO `media_likes` (`id`, `media_id`) VALUES ('191', '191');
INSERT INTO `media_likes` (`id`, `media_id`) VALUES ('192', '192');
INSERT INTO `media_likes` (`id`, `media_id`) VALUES ('193', '193');
INSERT INTO `media_likes` (`id`, `media_id`) VALUES ('194', '194');
INSERT INTO `media_likes` (`id`, `media_id`) VALUES ('195', '195');
INSERT INTO `media_likes` (`id`, `media_id`) VALUES ('196', '196');
INSERT INTO `media_likes` (`id`, `media_id`) VALUES ('197', '197');
INSERT INTO `media_likes` (`id`, `media_id`) VALUES ('198', '198');
INSERT INTO `media_likes` (`id`, `media_id`) VALUES ('199', '199');
INSERT INTO `media_likes` (`id`, `media_id`) VALUES ('200', '200');


#
# TABLE STRUCTURE FOR: media_types
#

DROP TABLE IF EXISTS `media_types`;

CREATE TABLE `media_types` (
  `id` bigint(20) unsigned NOT NULL AUTO_INCREMENT,
  `name` varchar(255) COLLATE utf8mb4_unicode_ci DEFAULT NULL,
  `created_at` datetime DEFAULT current_timestamp(),
  `updated_at` datetime DEFAULT NULL ON UPDATE current_timestamp(),
  UNIQUE KEY `id` (`id`)
) ENGINE=InnoDB AUTO_INCREMENT=201 DEFAULT CHARSET=utf8mb4 COLLATE=utf8mb4_unicode_ci;

INSERT INTO `media_types` (`id`, `name`, `created_at`, `updated_at`) VALUES ('1', 'et', '1980-07-13 13:28:49', '1989-02-02 03:35:34');
INSERT INTO `media_types` (`id`, `name`, `created_at`, `updated_at`) VALUES ('2', 'id', '1989-01-07 09:42:25', '1996-12-29 06:12:31');
INSERT INTO `media_types` (`id`, `name`, `created_at`, `updated_at`) VALUES ('3', 'illum', '2011-07-25 09:21:15', '2018-08-19 01:47:37');
INSERT INTO `media_types` (`id`, `name`, `created_at`, `updated_at`) VALUES ('4', 'unde', '1986-12-31 19:10:28', '2017-04-28 04:25:02');
INSERT INTO `media_types` (`id`, `name`, `created_at`, `updated_at`) VALUES ('5', 'totam', '1972-05-13 03:41:39', '2021-08-13 15:55:14');
INSERT INTO `media_types` (`id`, `name`, `created_at`, `updated_at`) VALUES ('6', 'est', '1997-08-22 19:31:14', '1988-12-23 14:37:03');
INSERT INTO `media_types` (`id`, `name`, `created_at`, `updated_at`) VALUES ('7', 'odio', '1993-05-12 00:16:15', '2006-06-17 13:39:44');
INSERT INTO `media_types` (`id`, `name`, `created_at`, `updated_at`) VALUES ('8', 'dolorum', '2000-12-22 07:54:37', '1986-11-11 12:23:57');
INSERT INTO `media_types` (`id`, `name`, `created_at`, `updated_at`) VALUES ('9', 'ratione', '2006-07-02 23:23:51', '1987-02-28 21:56:06');
INSERT INTO `media_types` (`id`, `name`, `created_at`, `updated_at`) VALUES ('10', 'est', '2019-01-05 12:39:12', '1984-02-04 05:57:39');
INSERT INTO `media_types` (`id`, `name`, `created_at`, `updated_at`) VALUES ('11', 'eius', '2005-10-09 10:11:35', '2010-11-26 07:56:46');
INSERT INTO `media_types` (`id`, `name`, `created_at`, `updated_at`) VALUES ('12', 'ut', '2018-04-05 23:09:01', '2020-09-02 10:46:46');
INSERT INTO `media_types` (`id`, `name`, `created_at`, `updated_at`) VALUES ('13', 'distinctio', '1985-12-28 23:38:43', '2010-06-07 05:50:34');
INSERT INTO `media_types` (`id`, `name`, `created_at`, `updated_at`) VALUES ('14', 'nisi', '1999-12-18 15:56:39', '1990-09-03 21:08:11');
INSERT INTO `media_types` (`id`, `name`, `created_at`, `updated_at`) VALUES ('15', 'voluptate', '1978-04-27 16:25:08', '1974-05-03 18:45:42');
INSERT INTO `media_types` (`id`, `name`, `created_at`, `updated_at`) VALUES ('16', 'quia', '1976-01-12 18:34:00', '2012-07-27 11:29:53');
INSERT INTO `media_types` (`id`, `name`, `created_at`, `updated_at`) VALUES ('17', 'rem', '2010-05-18 04:30:10', '2007-04-13 21:00:32');
INSERT INTO `media_types` (`id`, `name`, `created_at`, `updated_at`) VALUES ('18', 'quo', '2002-04-16 19:58:56', '2018-11-08 02:15:48');
INSERT INTO `media_types` (`id`, `name`, `created_at`, `updated_at`) VALUES ('19', 'voluptas', '1993-03-05 14:20:31', '2019-11-24 22:21:59');
INSERT INTO `media_types` (`id`, `name`, `created_at`, `updated_at`) VALUES ('20', 'sed', '1976-07-30 15:22:50', '1986-09-16 19:16:41');
INSERT INTO `media_types` (`id`, `name`, `created_at`, `updated_at`) VALUES ('21', 'optio', '2003-12-15 10:35:24', '1975-08-06 10:09:52');
INSERT INTO `media_types` (`id`, `name`, `created_at`, `updated_at`) VALUES ('22', 'doloremque', '2019-06-29 20:03:01', '2015-09-27 00:27:27');
INSERT INTO `media_types` (`id`, `name`, `created_at`, `updated_at`) VALUES ('23', 'esse', '1975-09-08 11:15:07', '1983-08-29 11:57:51');
INSERT INTO `media_types` (`id`, `name`, `created_at`, `updated_at`) VALUES ('24', 'aut', '2020-07-18 11:09:50', '1980-10-03 05:13:30');
INSERT INTO `media_types` (`id`, `name`, `created_at`, `updated_at`) VALUES ('25', 'minus', '2003-05-08 18:17:14', '1998-10-26 07:06:25');
INSERT INTO `media_types` (`id`, `name`, `created_at`, `updated_at`) VALUES ('26', 'earum', '2002-11-26 01:14:33', '2000-02-13 13:13:22');
INSERT INTO `media_types` (`id`, `name`, `created_at`, `updated_at`) VALUES ('27', 'eveniet', '1999-08-06 13:50:52', '2005-02-26 11:19:44');
INSERT INTO `media_types` (`id`, `name`, `created_at`, `updated_at`) VALUES ('28', 'dignissimos', '1971-05-24 13:08:58', '2021-08-11 00:00:51');
INSERT INTO `media_types` (`id`, `name`, `created_at`, `updated_at`) VALUES ('29', 'beatae', '1991-09-20 20:47:54', '1997-05-16 18:21:30');
INSERT INTO `media_types` (`id`, `name`, `created_at`, `updated_at`) VALUES ('30', 'sit', '1973-01-15 20:49:33', '2016-01-03 11:11:19');
INSERT INTO `media_types` (`id`, `name`, `created_at`, `updated_at`) VALUES ('31', 'eaque', '1998-01-12 22:14:58', '2001-06-09 00:38:00');
INSERT INTO `media_types` (`id`, `name`, `created_at`, `updated_at`) VALUES ('32', 'aliquam', '2018-02-02 21:12:41', '2010-05-11 13:50:39');
INSERT INTO `media_types` (`id`, `name`, `created_at`, `updated_at`) VALUES ('33', 'harum', '1982-02-13 07:19:38', '2005-09-28 20:09:53');
INSERT INTO `media_types` (`id`, `name`, `created_at`, `updated_at`) VALUES ('34', 'vel', '2006-04-08 06:54:32', '1975-06-08 16:23:04');
INSERT INTO `media_types` (`id`, `name`, `created_at`, `updated_at`) VALUES ('35', 'ut', '1997-08-09 23:08:03', '1997-11-21 17:51:49');
INSERT INTO `media_types` (`id`, `name`, `created_at`, `updated_at`) VALUES ('36', 'commodi', '1971-09-17 03:51:27', '1992-01-19 21:25:59');
INSERT INTO `media_types` (`id`, `name`, `created_at`, `updated_at`) VALUES ('37', 'unde', '2014-05-19 01:09:48', '2013-07-09 07:00:10');
INSERT INTO `media_types` (`id`, `name`, `created_at`, `updated_at`) VALUES ('38', 'praesentium', '1973-07-21 13:33:59', '2004-01-14 16:57:55');
INSERT INTO `media_types` (`id`, `name`, `created_at`, `updated_at`) VALUES ('39', 'accusamus', '2011-03-18 10:37:40', '2003-04-19 08:12:49');
INSERT INTO `media_types` (`id`, `name`, `created_at`, `updated_at`) VALUES ('40', 'inventore', '1979-09-27 00:04:28', '1997-09-24 08:59:15');
INSERT INTO `media_types` (`id`, `name`, `created_at`, `updated_at`) VALUES ('41', 'nesciunt', '1987-01-24 19:54:18', '1994-07-24 22:12:15');
INSERT INTO `media_types` (`id`, `name`, `created_at`, `updated_at`) VALUES ('42', 'excepturi', '1999-10-07 03:41:31', '1978-11-11 15:49:06');
INSERT INTO `media_types` (`id`, `name`, `created_at`, `updated_at`) VALUES ('43', 'et', '2015-11-15 07:51:41', '1996-01-07 16:22:53');
INSERT INTO `media_types` (`id`, `name`, `created_at`, `updated_at`) VALUES ('44', 'et', '1987-01-28 18:12:24', '1985-05-17 09:17:10');
INSERT INTO `media_types` (`id`, `name`, `created_at`, `updated_at`) VALUES ('45', 'quam', '2019-05-20 18:04:57', '2017-04-22 10:26:00');
INSERT INTO `media_types` (`id`, `name`, `created_at`, `updated_at`) VALUES ('46', 'iusto', '2005-02-09 03:12:16', '2000-08-11 11:24:42');
INSERT INTO `media_types` (`id`, `name`, `created_at`, `updated_at`) VALUES ('47', 'laboriosam', '1982-09-02 21:27:21', '1999-08-03 03:46:36');
INSERT INTO `media_types` (`id`, `name`, `created_at`, `updated_at`) VALUES ('48', 'unde', '1982-07-17 01:13:35', '1996-06-01 11:33:13');
INSERT INTO `media_types` (`id`, `name`, `created_at`, `updated_at`) VALUES ('49', 'sunt', '1996-08-28 00:14:59', '2009-07-19 19:12:39');
INSERT INTO `media_types` (`id`, `name`, `created_at`, `updated_at`) VALUES ('50', 'numquam', '1988-10-13 15:58:09', '1999-02-01 23:12:13');
INSERT INTO `media_types` (`id`, `name`, `created_at`, `updated_at`) VALUES ('51', 'itaque', '2008-12-13 05:50:54', '2016-06-06 16:41:16');
INSERT INTO `media_types` (`id`, `name`, `created_at`, `updated_at`) VALUES ('52', 'et', '1984-10-28 04:05:04', '1984-08-02 10:25:30');
INSERT INTO `media_types` (`id`, `name`, `created_at`, `updated_at`) VALUES ('53', 'corrupti', '2018-03-30 22:13:27', '1999-05-13 02:37:21');
INSERT INTO `media_types` (`id`, `name`, `created_at`, `updated_at`) VALUES ('54', 'sed', '2008-11-17 08:06:51', '2011-11-09 12:04:21');
INSERT INTO `media_types` (`id`, `name`, `created_at`, `updated_at`) VALUES ('55', 'ipsam', '1980-04-15 10:52:11', '2018-05-19 04:00:13');
INSERT INTO `media_types` (`id`, `name`, `created_at`, `updated_at`) VALUES ('56', 'sed', '1999-10-25 02:26:23', '1977-06-09 13:48:11');
INSERT INTO `media_types` (`id`, `name`, `created_at`, `updated_at`) VALUES ('57', 'veniam', '1976-03-10 16:21:00', '1978-02-18 07:48:23');
INSERT INTO `media_types` (`id`, `name`, `created_at`, `updated_at`) VALUES ('58', 'est', '1992-02-03 05:13:20', '1990-07-11 20:20:19');
INSERT INTO `media_types` (`id`, `name`, `created_at`, `updated_at`) VALUES ('59', 'ut', '1995-05-03 01:20:45', '2012-08-28 03:16:36');
INSERT INTO `media_types` (`id`, `name`, `created_at`, `updated_at`) VALUES ('60', 'voluptates', '1983-01-26 11:46:04', '1974-03-02 13:53:24');
INSERT INTO `media_types` (`id`, `name`, `created_at`, `updated_at`) VALUES ('61', 'consequatur', '1971-12-08 15:01:08', '1986-11-25 22:59:41');
INSERT INTO `media_types` (`id`, `name`, `created_at`, `updated_at`) VALUES ('62', 'debitis', '1990-04-22 20:53:19', '2010-08-09 13:55:04');
INSERT INTO `media_types` (`id`, `name`, `created_at`, `updated_at`) VALUES ('63', 'nulla', '1989-07-05 05:11:33', '2004-04-22 21:23:46');
INSERT INTO `media_types` (`id`, `name`, `created_at`, `updated_at`) VALUES ('64', 'ea', '1998-11-25 02:44:39', '1989-10-14 01:25:50');
INSERT INTO `media_types` (`id`, `name`, `created_at`, `updated_at`) VALUES ('65', 'consequuntur', '2018-08-22 02:54:27', '1999-08-15 11:34:37');
INSERT INTO `media_types` (`id`, `name`, `created_at`, `updated_at`) VALUES ('66', 'qui', '2020-01-10 15:14:32', '1988-05-29 05:40:36');
INSERT INTO `media_types` (`id`, `name`, `created_at`, `updated_at`) VALUES ('67', 'qui', '1990-03-26 06:52:34', '1978-03-21 18:18:51');
INSERT INTO `media_types` (`id`, `name`, `created_at`, `updated_at`) VALUES ('68', 'consequatur', '1972-07-13 23:17:00', '1976-08-18 19:32:42');
INSERT INTO `media_types` (`id`, `name`, `created_at`, `updated_at`) VALUES ('69', 'eaque', '1992-10-15 07:50:10', '1996-09-28 07:27:05');
INSERT INTO `media_types` (`id`, `name`, `created_at`, `updated_at`) VALUES ('70', 'qui', '1999-05-26 02:17:01', '2014-02-11 21:21:56');
INSERT INTO `media_types` (`id`, `name`, `created_at`, `updated_at`) VALUES ('71', 'mollitia', '1978-05-05 19:07:11', '1970-08-13 09:28:28');
INSERT INTO `media_types` (`id`, `name`, `created_at`, `updated_at`) VALUES ('72', 'mollitia', '2020-09-09 01:35:57', '1992-08-13 09:25:19');
INSERT INTO `media_types` (`id`, `name`, `created_at`, `updated_at`) VALUES ('73', 'vero', '1998-08-28 11:15:42', '1993-12-14 10:12:10');
INSERT INTO `media_types` (`id`, `name`, `created_at`, `updated_at`) VALUES ('74', 'nam', '2019-12-02 00:36:41', '1986-09-29 13:32:52');
INSERT INTO `media_types` (`id`, `name`, `created_at`, `updated_at`) VALUES ('75', 'recusandae', '2008-09-16 05:10:14', '1989-07-07 03:12:32');
INSERT INTO `media_types` (`id`, `name`, `created_at`, `updated_at`) VALUES ('76', 'aut', '1999-12-12 10:01:15', '2000-05-09 07:35:27');
INSERT INTO `media_types` (`id`, `name`, `created_at`, `updated_at`) VALUES ('77', 'dignissimos', '1982-03-22 23:53:20', '1983-02-26 06:42:03');
INSERT INTO `media_types` (`id`, `name`, `created_at`, `updated_at`) VALUES ('78', 'quia', '1984-11-27 23:20:37', '2018-10-17 13:27:46');
INSERT INTO `media_types` (`id`, `name`, `created_at`, `updated_at`) VALUES ('79', 'repellat', '1997-06-25 16:27:53', '1975-02-25 05:35:44');
INSERT INTO `media_types` (`id`, `name`, `created_at`, `updated_at`) VALUES ('80', 'laboriosam', '1981-06-11 05:29:11', '1970-12-27 07:45:52');
INSERT INTO `media_types` (`id`, `name`, `created_at`, `updated_at`) VALUES ('81', 'qui', '1996-05-26 19:25:20', '1998-06-29 15:27:48');
INSERT INTO `media_types` (`id`, `name`, `created_at`, `updated_at`) VALUES ('82', 'vel', '1995-04-12 10:16:11', '1995-04-08 12:47:06');
INSERT INTO `media_types` (`id`, `name`, `created_at`, `updated_at`) VALUES ('83', 'qui', '2017-12-29 21:45:46', '2005-01-27 09:29:15');
INSERT INTO `media_types` (`id`, `name`, `created_at`, `updated_at`) VALUES ('84', 'consectetur', '1993-06-20 02:53:53', '1976-01-22 15:06:10');
INSERT INTO `media_types` (`id`, `name`, `created_at`, `updated_at`) VALUES ('85', 'id', '2008-05-21 09:01:13', '1999-04-18 10:09:43');
INSERT INTO `media_types` (`id`, `name`, `created_at`, `updated_at`) VALUES ('86', 'hic', '1999-02-17 06:20:27', '1980-01-23 17:28:26');
INSERT INTO `media_types` (`id`, `name`, `created_at`, `updated_at`) VALUES ('87', 'id', '2014-12-26 00:51:11', '1995-11-16 07:07:02');
INSERT INTO `media_types` (`id`, `name`, `created_at`, `updated_at`) VALUES ('88', 'sunt', '1979-03-17 23:24:06', '1979-12-14 12:51:43');
INSERT INTO `media_types` (`id`, `name`, `created_at`, `updated_at`) VALUES ('89', 'sed', '1985-10-03 19:50:45', '2020-01-03 00:37:46');
INSERT INTO `media_types` (`id`, `name`, `created_at`, `updated_at`) VALUES ('90', 'asperiores', '1971-01-16 08:15:15', '1990-09-15 15:11:39');
INSERT INTO `media_types` (`id`, `name`, `created_at`, `updated_at`) VALUES ('91', 'sint', '1993-02-19 20:32:45', '2017-09-21 18:32:00');
INSERT INTO `media_types` (`id`, `name`, `created_at`, `updated_at`) VALUES ('92', 'ea', '2020-03-03 17:47:27', '2000-10-20 13:19:53');
INSERT INTO `media_types` (`id`, `name`, `created_at`, `updated_at`) VALUES ('93', 'temporibus', '2013-02-27 20:30:16', '2001-10-14 16:08:47');
INSERT INTO `media_types` (`id`, `name`, `created_at`, `updated_at`) VALUES ('94', 'ratione', '2014-08-25 15:46:17', '1993-03-16 09:57:35');
INSERT INTO `media_types` (`id`, `name`, `created_at`, `updated_at`) VALUES ('95', 'libero', '2005-01-03 07:48:34', '1991-10-01 14:53:32');
INSERT INTO `media_types` (`id`, `name`, `created_at`, `updated_at`) VALUES ('96', 'officia', '2009-09-21 14:02:14', '2011-11-05 23:23:12');
INSERT INTO `media_types` (`id`, `name`, `created_at`, `updated_at`) VALUES ('97', 'laborum', '2002-06-25 09:47:12', '2008-09-23 08:49:44');
INSERT INTO `media_types` (`id`, `name`, `created_at`, `updated_at`) VALUES ('98', 'laudantium', '1999-04-17 03:37:08', '1972-01-01 08:17:27');
INSERT INTO `media_types` (`id`, `name`, `created_at`, `updated_at`) VALUES ('99', 'aut', '1999-08-01 11:36:45', '1986-06-14 06:05:59');
INSERT INTO `media_types` (`id`, `name`, `created_at`, `updated_at`) VALUES ('100', 'occaecati', '2003-02-26 15:58:59', '1991-02-22 23:11:45');
INSERT INTO `media_types` (`id`, `name`, `created_at`, `updated_at`) VALUES ('101', 'eum', '1975-04-16 17:56:24', '1999-12-23 06:58:34');
INSERT INTO `media_types` (`id`, `name`, `created_at`, `updated_at`) VALUES ('102', 'qui', '1991-08-07 18:54:12', '1991-02-14 10:58:59');
INSERT INTO `media_types` (`id`, `name`, `created_at`, `updated_at`) VALUES ('103', 'qui', '1983-04-07 03:40:00', '2012-08-28 20:39:48');
INSERT INTO `media_types` (`id`, `name`, `created_at`, `updated_at`) VALUES ('104', 'eos', '1995-03-20 21:27:03', '1999-06-13 12:46:35');
INSERT INTO `media_types` (`id`, `name`, `created_at`, `updated_at`) VALUES ('105', 'illum', '2012-12-21 18:13:16', '1985-12-10 13:12:22');
INSERT INTO `media_types` (`id`, `name`, `created_at`, `updated_at`) VALUES ('106', 'enim', '2005-09-29 07:07:50', '2011-07-06 19:32:06');
INSERT INTO `media_types` (`id`, `name`, `created_at`, `updated_at`) VALUES ('107', 'aut', '1998-09-17 17:31:36', '2017-04-16 22:18:25');
INSERT INTO `media_types` (`id`, `name`, `created_at`, `updated_at`) VALUES ('108', 'culpa', '2013-01-22 13:52:22', '1979-03-16 14:09:21');
INSERT INTO `media_types` (`id`, `name`, `created_at`, `updated_at`) VALUES ('109', 'maxime', '2013-09-29 02:38:41', '1984-01-08 17:46:01');
INSERT INTO `media_types` (`id`, `name`, `created_at`, `updated_at`) VALUES ('110', 'magni', '2015-12-15 01:53:46', '2009-12-25 16:34:28');
INSERT INTO `media_types` (`id`, `name`, `created_at`, `updated_at`) VALUES ('111', 'ut', '2002-08-22 05:51:27', '1977-05-10 21:14:41');
INSERT INTO `media_types` (`id`, `name`, `created_at`, `updated_at`) VALUES ('112', 'iure', '2005-06-26 22:41:17', '2001-01-24 00:40:27');
INSERT INTO `media_types` (`id`, `name`, `created_at`, `updated_at`) VALUES ('113', 'et', '1983-02-18 09:12:38', '2021-08-27 07:46:36');
INSERT INTO `media_types` (`id`, `name`, `created_at`, `updated_at`) VALUES ('114', 'quam', '1999-05-12 16:35:18', '2012-12-19 23:57:46');
INSERT INTO `media_types` (`id`, `name`, `created_at`, `updated_at`) VALUES ('115', 'sapiente', '1970-08-29 16:04:56', '2000-04-12 07:21:05');
INSERT INTO `media_types` (`id`, `name`, `created_at`, `updated_at`) VALUES ('116', 'est', '1970-05-09 15:49:45', '1992-09-21 02:21:00');
INSERT INTO `media_types` (`id`, `name`, `created_at`, `updated_at`) VALUES ('117', 'in', '2001-05-14 12:00:58', '2007-10-12 21:27:08');
INSERT INTO `media_types` (`id`, `name`, `created_at`, `updated_at`) VALUES ('118', 'delectus', '1995-10-05 16:54:44', '1997-02-18 14:44:46');
INSERT INTO `media_types` (`id`, `name`, `created_at`, `updated_at`) VALUES ('119', 'sit', '1971-11-26 06:23:27', '1998-10-31 08:34:21');
INSERT INTO `media_types` (`id`, `name`, `created_at`, `updated_at`) VALUES ('120', 'velit', '1974-12-11 20:27:13', '2008-12-04 21:44:31');
INSERT INTO `media_types` (`id`, `name`, `created_at`, `updated_at`) VALUES ('121', 'minus', '2020-12-28 23:58:57', '2004-12-02 12:22:38');
INSERT INTO `media_types` (`id`, `name`, `created_at`, `updated_at`) VALUES ('122', 'libero', '2009-05-17 06:29:52', '2011-11-05 09:41:40');
INSERT INTO `media_types` (`id`, `name`, `created_at`, `updated_at`) VALUES ('123', 'tempora', '1987-04-26 05:48:33', '1980-07-02 21:51:17');
INSERT INTO `media_types` (`id`, `name`, `created_at`, `updated_at`) VALUES ('124', 'delectus', '2000-01-31 09:30:28', '2008-06-22 10:50:32');
INSERT INTO `media_types` (`id`, `name`, `created_at`, `updated_at`) VALUES ('125', 'eos', '1996-11-14 01:58:39', '2021-02-08 08:06:44');
INSERT INTO `media_types` (`id`, `name`, `created_at`, `updated_at`) VALUES ('126', 'architecto', '1997-10-11 17:22:29', '1972-05-21 16:22:08');
INSERT INTO `media_types` (`id`, `name`, `created_at`, `updated_at`) VALUES ('127', 'doloremque', '2005-01-28 21:45:54', '1990-08-26 22:44:42');
INSERT INTO `media_types` (`id`, `name`, `created_at`, `updated_at`) VALUES ('128', 'est', '1993-02-18 01:27:28', '1998-09-17 11:43:02');
INSERT INTO `media_types` (`id`, `name`, `created_at`, `updated_at`) VALUES ('129', 'aut', '2011-08-19 00:20:57', '1987-08-23 07:52:54');
INSERT INTO `media_types` (`id`, `name`, `created_at`, `updated_at`) VALUES ('130', 'et', '2000-02-09 08:11:20', '1979-04-20 03:30:17');
INSERT INTO `media_types` (`id`, `name`, `created_at`, `updated_at`) VALUES ('131', 'fuga', '2001-03-13 20:38:34', '1973-10-19 05:46:53');
INSERT INTO `media_types` (`id`, `name`, `created_at`, `updated_at`) VALUES ('132', 'laborum', '1977-03-11 18:46:25', '2007-11-28 08:18:54');
INSERT INTO `media_types` (`id`, `name`, `created_at`, `updated_at`) VALUES ('133', 'voluptatem', '1981-11-22 16:27:54', '2005-09-04 16:17:09');
INSERT INTO `media_types` (`id`, `name`, `created_at`, `updated_at`) VALUES ('134', 'ut', '2010-02-28 11:53:53', '1988-01-03 08:37:06');
INSERT INTO `media_types` (`id`, `name`, `created_at`, `updated_at`) VALUES ('135', 'reprehenderit', '2011-03-01 19:56:01', '2013-05-09 04:07:16');
INSERT INTO `media_types` (`id`, `name`, `created_at`, `updated_at`) VALUES ('136', 'suscipit', '2008-07-24 20:07:32', '2001-02-13 18:00:40');
INSERT INTO `media_types` (`id`, `name`, `created_at`, `updated_at`) VALUES ('137', 'rerum', '1977-07-21 22:38:25', '1977-08-14 17:15:00');
INSERT INTO `media_types` (`id`, `name`, `created_at`, `updated_at`) VALUES ('138', 'et', '1977-05-23 00:38:40', '1981-05-01 14:52:22');
INSERT INTO `media_types` (`id`, `name`, `created_at`, `updated_at`) VALUES ('139', 'non', '1970-08-07 07:53:06', '2011-12-05 14:04:41');
INSERT INTO `media_types` (`id`, `name`, `created_at`, `updated_at`) VALUES ('140', 'corrupti', '1986-01-20 07:22:36', '2013-01-27 09:49:15');
INSERT INTO `media_types` (`id`, `name`, `created_at`, `updated_at`) VALUES ('141', 'sed', '1996-02-24 02:03:40', '1979-04-18 08:59:06');
INSERT INTO `media_types` (`id`, `name`, `created_at`, `updated_at`) VALUES ('142', 'aut', '1986-10-27 11:19:06', '1988-01-18 16:27:17');
INSERT INTO `media_types` (`id`, `name`, `created_at`, `updated_at`) VALUES ('143', 'fuga', '1987-03-11 20:57:53', '1995-07-21 11:14:34');
INSERT INTO `media_types` (`id`, `name`, `created_at`, `updated_at`) VALUES ('144', 'voluptatem', '1984-06-17 04:51:26', '1973-09-19 23:20:13');
INSERT INTO `media_types` (`id`, `name`, `created_at`, `updated_at`) VALUES ('145', 'nam', '2013-01-20 22:11:30', '1974-12-21 12:08:17');
INSERT INTO `media_types` (`id`, `name`, `created_at`, `updated_at`) VALUES ('146', 'vel', '1990-03-29 02:47:01', '2013-04-04 15:08:10');
INSERT INTO `media_types` (`id`, `name`, `created_at`, `updated_at`) VALUES ('147', 'est', '1980-08-30 21:05:34', '2018-07-03 16:53:04');
INSERT INTO `media_types` (`id`, `name`, `created_at`, `updated_at`) VALUES ('148', 'sunt', '1999-11-09 15:41:31', '1973-12-22 22:26:36');
INSERT INTO `media_types` (`id`, `name`, `created_at`, `updated_at`) VALUES ('149', 'excepturi', '1986-01-08 16:17:05', '2016-01-03 04:49:06');
INSERT INTO `media_types` (`id`, `name`, `created_at`, `updated_at`) VALUES ('150', 'quisquam', '1993-09-15 21:39:50', '2009-06-08 08:36:46');
INSERT INTO `media_types` (`id`, `name`, `created_at`, `updated_at`) VALUES ('151', 'id', '1978-09-07 20:02:59', '2001-09-20 19:58:22');
INSERT INTO `media_types` (`id`, `name`, `created_at`, `updated_at`) VALUES ('152', 'assumenda', '2017-10-24 18:37:05', '1994-08-05 05:22:59');
INSERT INTO `media_types` (`id`, `name`, `created_at`, `updated_at`) VALUES ('153', 'aut', '1975-11-23 21:16:54', '1999-05-05 16:33:36');
INSERT INTO `media_types` (`id`, `name`, `created_at`, `updated_at`) VALUES ('154', 'et', '1975-07-08 17:02:34', '1997-02-10 02:12:43');
INSERT INTO `media_types` (`id`, `name`, `created_at`, `updated_at`) VALUES ('155', 'et', '2018-07-31 00:51:18', '2015-06-28 20:44:20');
INSERT INTO `media_types` (`id`, `name`, `created_at`, `updated_at`) VALUES ('156', 'veritatis', '1981-12-03 16:58:45', '1983-01-05 22:40:48');
INSERT INTO `media_types` (`id`, `name`, `created_at`, `updated_at`) VALUES ('157', 'fuga', '1975-11-26 21:07:12', '2017-12-03 23:05:08');
INSERT INTO `media_types` (`id`, `name`, `created_at`, `updated_at`) VALUES ('158', 'magnam', '1989-03-31 13:57:14', '1989-03-23 21:20:01');
INSERT INTO `media_types` (`id`, `name`, `created_at`, `updated_at`) VALUES ('159', 'dolor', '1986-08-03 18:13:46', '1999-05-08 05:41:34');
INSERT INTO `media_types` (`id`, `name`, `created_at`, `updated_at`) VALUES ('160', 'placeat', '1987-10-18 08:57:25', '1992-12-06 14:09:10');
INSERT INTO `media_types` (`id`, `name`, `created_at`, `updated_at`) VALUES ('161', 'voluptatem', '1999-06-29 00:08:24', '1988-11-01 14:53:49');
INSERT INTO `media_types` (`id`, `name`, `created_at`, `updated_at`) VALUES ('162', 'et', '2010-08-15 15:28:21', '2008-08-06 15:47:14');
INSERT INTO `media_types` (`id`, `name`, `created_at`, `updated_at`) VALUES ('163', 'cum', '1978-07-20 14:04:31', '2008-07-04 00:33:01');
INSERT INTO `media_types` (`id`, `name`, `created_at`, `updated_at`) VALUES ('164', 'et', '1972-10-08 14:22:07', '1995-05-28 12:41:53');
INSERT INTO `media_types` (`id`, `name`, `created_at`, `updated_at`) VALUES ('165', 'quidem', '1996-12-06 00:18:50', '1990-09-28 13:09:06');
INSERT INTO `media_types` (`id`, `name`, `created_at`, `updated_at`) VALUES ('166', 'molestiae', '1979-09-19 11:39:25', '1998-11-30 17:45:29');
INSERT INTO `media_types` (`id`, `name`, `created_at`, `updated_at`) VALUES ('167', 'velit', '1973-04-26 21:28:38', '1984-05-15 11:44:51');
INSERT INTO `media_types` (`id`, `name`, `created_at`, `updated_at`) VALUES ('168', 'qui', '2007-02-19 02:07:33', '1999-09-04 23:52:14');
INSERT INTO `media_types` (`id`, `name`, `created_at`, `updated_at`) VALUES ('169', 'ipsam', '1998-09-21 06:09:22', '1992-05-30 07:05:28');
INSERT INTO `media_types` (`id`, `name`, `created_at`, `updated_at`) VALUES ('170', 'praesentium', '1983-11-28 05:54:39', '1970-12-12 16:52:03');
INSERT INTO `media_types` (`id`, `name`, `created_at`, `updated_at`) VALUES ('171', 'dolor', '1991-06-02 23:47:44', '1977-04-21 22:00:05');
INSERT INTO `media_types` (`id`, `name`, `created_at`, `updated_at`) VALUES ('172', 'et', '1972-10-27 17:56:30', '2009-07-29 16:52:56');
INSERT INTO `media_types` (`id`, `name`, `created_at`, `updated_at`) VALUES ('173', 'cumque', '1971-05-30 07:56:30', '1997-12-10 08:43:40');
INSERT INTO `media_types` (`id`, `name`, `created_at`, `updated_at`) VALUES ('174', 'aut', '2017-05-03 23:14:50', '1990-01-25 10:09:36');
INSERT INTO `media_types` (`id`, `name`, `created_at`, `updated_at`) VALUES ('175', 'ea', '2006-02-26 12:59:43', '1986-09-22 09:56:22');
INSERT INTO `media_types` (`id`, `name`, `created_at`, `updated_at`) VALUES ('176', 'et', '1988-02-13 16:23:04', '1997-07-13 15:38:01');
INSERT INTO `media_types` (`id`, `name`, `created_at`, `updated_at`) VALUES ('177', 'sequi', '1984-03-17 03:48:53', '1971-10-31 06:01:02');
INSERT INTO `media_types` (`id`, `name`, `created_at`, `updated_at`) VALUES ('178', 'rerum', '2005-03-22 05:27:34', '1984-01-08 00:56:16');
INSERT INTO `media_types` (`id`, `name`, `created_at`, `updated_at`) VALUES ('179', 'ipsam', '2003-03-12 03:33:15', '2003-12-05 02:38:42');
INSERT INTO `media_types` (`id`, `name`, `created_at`, `updated_at`) VALUES ('180', 'debitis', '1996-09-21 22:36:40', '1974-12-30 21:10:49');
INSERT INTO `media_types` (`id`, `name`, `created_at`, `updated_at`) VALUES ('181', 'voluptatem', '2021-08-02 20:28:06', '2004-03-23 23:18:45');
INSERT INTO `media_types` (`id`, `name`, `created_at`, `updated_at`) VALUES ('182', 'autem', '1998-05-22 10:35:25', '1972-08-27 14:03:01');
INSERT INTO `media_types` (`id`, `name`, `created_at`, `updated_at`) VALUES ('183', 'recusandae', '1994-01-20 03:13:52', '1987-03-20 23:35:03');
INSERT INTO `media_types` (`id`, `name`, `created_at`, `updated_at`) VALUES ('184', 'omnis', '2001-12-02 02:35:31', '2018-09-07 03:40:10');
INSERT INTO `media_types` (`id`, `name`, `created_at`, `updated_at`) VALUES ('185', 'et', '2015-01-19 17:12:31', '1989-10-09 18:21:22');
INSERT INTO `media_types` (`id`, `name`, `created_at`, `updated_at`) VALUES ('186', 'quidem', '1991-04-12 06:26:11', '1989-07-04 13:38:57');
INSERT INTO `media_types` (`id`, `name`, `created_at`, `updated_at`) VALUES ('187', 'dolorem', '2021-03-16 20:16:13', '1998-08-05 06:56:04');
INSERT INTO `media_types` (`id`, `name`, `created_at`, `updated_at`) VALUES ('188', 'qui', '2009-12-28 22:18:11', '1985-04-18 08:26:08');
INSERT INTO `media_types` (`id`, `name`, `created_at`, `updated_at`) VALUES ('189', 'rerum', '2008-06-02 00:33:38', '1994-07-04 06:49:12');
INSERT INTO `media_types` (`id`, `name`, `created_at`, `updated_at`) VALUES ('190', 'facilis', '2010-11-20 15:48:48', '2018-03-31 14:40:43');
INSERT INTO `media_types` (`id`, `name`, `created_at`, `updated_at`) VALUES ('191', 'blanditiis', '1983-04-01 10:35:20', '1972-10-08 08:03:24');
INSERT INTO `media_types` (`id`, `name`, `created_at`, `updated_at`) VALUES ('192', 'repellendus', '2006-03-08 22:44:33', '2014-03-12 03:26:26');
INSERT INTO `media_types` (`id`, `name`, `created_at`, `updated_at`) VALUES ('193', 'omnis', '1981-01-09 20:36:49', '2012-03-09 11:23:03');
INSERT INTO `media_types` (`id`, `name`, `created_at`, `updated_at`) VALUES ('194', 'voluptas', '2020-11-11 16:02:20', '1980-09-05 13:32:08');
INSERT INTO `media_types` (`id`, `name`, `created_at`, `updated_at`) VALUES ('195', 'quam', '1980-07-24 02:43:46', '1976-12-18 05:54:16');
INSERT INTO `media_types` (`id`, `name`, `created_at`, `updated_at`) VALUES ('196', 'alias', '2011-07-29 22:12:19', '2020-01-10 17:49:58');
INSERT INTO `media_types` (`id`, `name`, `created_at`, `updated_at`) VALUES ('197', 'aspernatur', '1970-05-09 13:03:35', '1997-08-11 20:02:20');
INSERT INTO `media_types` (`id`, `name`, `created_at`, `updated_at`) VALUES ('198', 'consequatur', '2017-03-29 17:25:06', '2003-03-31 11:43:39');
INSERT INTO `media_types` (`id`, `name`, `created_at`, `updated_at`) VALUES ('199', 'perspiciatis', '1988-06-13 03:16:26', '2007-09-27 09:06:40');
INSERT INTO `media_types` (`id`, `name`, `created_at`, `updated_at`) VALUES ('200', 'mollitia', '1993-08-13 06:32:20', '2005-05-26 07:21:08');


#
# TABLE STRUCTURE FOR: messages
#

DROP TABLE IF EXISTS `messages`;

CREATE TABLE `messages` (
  `id` bigint(20) unsigned NOT NULL AUTO_INCREMENT,
  `from_user_id` bigint(20) unsigned NOT NULL,
  `to_user_id` bigint(20) unsigned NOT NULL,
  `body` text COLLATE utf8mb4_unicode_ci DEFAULT NULL,
  `created_at` datetime DEFAULT current_timestamp(),
  UNIQUE KEY `id` (`id`),
  KEY `from_user_id` (`from_user_id`),
  KEY `to_user_id` (`to_user_id`),
  CONSTRAINT `messages_ibfk_1` FOREIGN KEY (`from_user_id`) REFERENCES `users` (`id`),
  CONSTRAINT `messages_ibfk_2` FOREIGN KEY (`to_user_id`) REFERENCES `users` (`id`)
) ENGINE=InnoDB AUTO_INCREMENT=201 DEFAULT CHARSET=utf8mb4 COLLATE=utf8mb4_unicode_ci;

INSERT INTO `messages` (`id`, `from_user_id`, `to_user_id`, `body`, `created_at`) VALUES ('1', '201', '201', 'Praesentium iusto cumque molestias sint voluptatem. Delectus eaque quasi corporis quaerat quo. Eveniet molestiae esse ipsam qui. Vel facilis ipsam ipsum voluptas id facilis exercitationem.', '1978-03-12 10:31:10');
INSERT INTO `messages` (`id`, `from_user_id`, `to_user_id`, `body`, `created_at`) VALUES ('2', '202', '202', 'Consectetur dolorum porro sit quo sed. Quis impedit harum possimus dicta rerum dolores. Placeat enim aliquam eaque ratione sed dolores voluptas. Aspernatur earum et et aut.', '1981-04-08 17:29:25');
INSERT INTO `messages` (`id`, `from_user_id`, `to_user_id`, `body`, `created_at`) VALUES ('3', '204', '204', 'Voluptatum minima velit quis optio itaque eligendi accusantium est. Ut qui repellat nobis qui quia eligendi aut eaque.', '2020-10-07 07:29:56');
INSERT INTO `messages` (`id`, `from_user_id`, `to_user_id`, `body`, `created_at`) VALUES ('4', '206', '206', 'Quia repudiandae odio facilis voluptate totam. Perferendis doloribus consequatur ratione voluptatem nostrum. Ad voluptatem earum similique ea cupiditate et quia quasi.', '1988-03-30 16:51:10');
INSERT INTO `messages` (`id`, `from_user_id`, `to_user_id`, `body`, `created_at`) VALUES ('5', '208', '208', 'Et architecto sequi odit inventore. Labore aut recusandae est eligendi delectus mollitia facilis. Illo reiciendis ut eos voluptatem libero dolor deserunt.', '1986-09-05 15:41:28');
INSERT INTO `messages` (`id`, `from_user_id`, `to_user_id`, `body`, `created_at`) VALUES ('6', '210', '210', 'Quo accusantium modi laborum et voluptas enim rerum tenetur. Officia est sed facere at. Officia aut sint quis qui. Numquam voluptatum ipsa ut blanditiis non est dolorem.', '1988-06-10 23:26:21');
INSERT INTO `messages` (`id`, `from_user_id`, `to_user_id`, `body`, `created_at`) VALUES ('7', '211', '211', 'Non illum nesciunt consequatur quia. Exercitationem similique nihil soluta non quia voluptate harum voluptatem. Excepturi quia sed libero ut.', '1973-04-04 20:46:31');
INSERT INTO `messages` (`id`, `from_user_id`, `to_user_id`, `body`, `created_at`) VALUES ('8', '213', '213', 'At dolorum itaque quo officia. Ducimus doloremque ea voluptas illum quia totam sit. Quas id deleniti ut non.', '1989-05-26 21:40:43');
INSERT INTO `messages` (`id`, `from_user_id`, `to_user_id`, `body`, `created_at`) VALUES ('9', '214', '214', 'Quasi voluptas et deleniti dignissimos et. Iste quisquam perferendis soluta magnam. Quia et odio nulla ipsam.', '1989-10-09 15:39:10');
INSERT INTO `messages` (`id`, `from_user_id`, `to_user_id`, `body`, `created_at`) VALUES ('10', '217', '217', 'Qui nesciunt itaque culpa vitae eum quidem sunt. Dolorem commodi quis ab quia odit ad ratione. Ut vero sed veniam sed quidem sapiente quia enim. Eum doloribus ea provident omnis ut.', '1983-02-02 19:05:34');
INSERT INTO `messages` (`id`, `from_user_id`, `to_user_id`, `body`, `created_at`) VALUES ('11', '218', '218', 'Quia et dolorum voluptatem blanditiis explicabo maiores et error. Odit quibusdam aliquam velit aperiam error sit fuga. Dolores sit modi natus totam cupiditate quisquam.', '1974-07-18 06:17:10');
INSERT INTO `messages` (`id`, `from_user_id`, `to_user_id`, `body`, `created_at`) VALUES ('12', '220', '220', 'Similique dolores in neque quia omnis sit eveniet quia. Ab corrupti tenetur vel hic quo quos eveniet. Eligendi quasi cupiditate consequatur recusandae eos voluptate.', '1974-09-27 11:49:02');
INSERT INTO `messages` (`id`, `from_user_id`, `to_user_id`, `body`, `created_at`) VALUES ('13', '223', '223', 'Nobis odit dicta blanditiis laboriosam. Omnis ex odit quia doloribus nobis eum consequatur. Reprehenderit necessitatibus odit ratione provident. Distinctio quia sit quam placeat veritatis itaque.', '2017-05-13 16:25:37');
INSERT INTO `messages` (`id`, `from_user_id`, `to_user_id`, `body`, `created_at`) VALUES ('14', '224', '224', 'Corporis nam at ad impedit laborum. Earum porro exercitationem totam temporibus optio. Dicta voluptates rerum molestiae a. Quisquam delectus est quam nihil.', '1999-07-11 20:50:26');
INSERT INTO `messages` (`id`, `from_user_id`, `to_user_id`, `body`, `created_at`) VALUES ('15', '226', '226', 'Sit ex deserunt perferendis quia veritatis dolores quisquam. Et et sit sit modi iste. Unde ad iste reprehenderit doloremque.', '2013-07-20 02:48:54');
INSERT INTO `messages` (`id`, `from_user_id`, `to_user_id`, `body`, `created_at`) VALUES ('16', '227', '227', 'Facilis hic reiciendis ducimus molestiae. Quia quae nesciunt aspernatur est earum accusamus. Et et sed sint.', '1982-10-14 10:01:55');
INSERT INTO `messages` (`id`, `from_user_id`, `to_user_id`, `body`, `created_at`) VALUES ('17', '228', '228', 'Excepturi quo et quis est. Aut qui fuga sequi quae qui explicabo reprehenderit illum. Id est veniam quia eius. Voluptas saepe enim voluptas aliquam.', '1982-02-23 07:50:08');
INSERT INTO `messages` (`id`, `from_user_id`, `to_user_id`, `body`, `created_at`) VALUES ('18', '229', '229', 'Nisi voluptatem est ipsum cumque nobis vero a. Illum a alias deleniti et. Et quos saepe aut laborum minus eveniet. Illum illo sit commodi qui.', '2003-03-20 01:33:39');
INSERT INTO `messages` (`id`, `from_user_id`, `to_user_id`, `body`, `created_at`) VALUES ('19', '231', '231', 'Eaque deleniti placeat modi architecto vero id necessitatibus. Ab sunt nesciunt neque tempore aut. Non dolorem et eaque et aspernatur.', '1974-09-19 07:02:32');
INSERT INTO `messages` (`id`, `from_user_id`, `to_user_id`, `body`, `created_at`) VALUES ('20', '233', '233', 'Libero cupiditate est earum nisi delectus aperiam. Sint ut veniam iste molestias. Optio quia quo repellendus dolor sequi. Qui facere officia aut eligendi accusantium et.', '2004-11-22 22:57:35');
INSERT INTO `messages` (`id`, `from_user_id`, `to_user_id`, `body`, `created_at`) VALUES ('21', '234', '234', 'Omnis possimus repellat in aliquam repudiandae qui ipsum. Alias asperiores voluptatem natus omnis vel. Vel enim cum maiores voluptate vero. Ex cumque distinctio et voluptatem.', '1971-02-05 14:54:52');
INSERT INTO `messages` (`id`, `from_user_id`, `to_user_id`, `body`, `created_at`) VALUES ('22', '235', '235', 'Et voluptas quo ut reiciendis et necessitatibus accusamus. Ab fuga quisquam officiis porro. Corporis nostrum qui qui omnis pariatur porro nesciunt. Illo repudiandae deleniti non.', '1989-08-30 14:54:59');
INSERT INTO `messages` (`id`, `from_user_id`, `to_user_id`, `body`, `created_at`) VALUES ('23', '236', '236', 'Odio odit qui nobis sunt. Rem quo a eius quo quae ea. Eius et facere magni omnis at consequatur. Autem quis eos dicta impedit.', '1999-07-02 04:47:36');
INSERT INTO `messages` (`id`, `from_user_id`, `to_user_id`, `body`, `created_at`) VALUES ('24', '238', '238', 'Exercitationem veritatis expedita at. Unde id excepturi vitae non. Quis iure culpa voluptas vitae in. Error dolorem omnis ut omnis incidunt aspernatur labore.', '2006-06-25 17:18:41');
INSERT INTO `messages` (`id`, `from_user_id`, `to_user_id`, `body`, `created_at`) VALUES ('25', '239', '239', 'Sapiente vitae eum facilis ea possimus est est. Sit possimus sint commodi delectus. Est iusto ut excepturi et sed fuga ab. Eveniet aut eius quia consequatur quis consequuntur.', '1972-12-05 02:21:02');
INSERT INTO `messages` (`id`, `from_user_id`, `to_user_id`, `body`, `created_at`) VALUES ('26', '241', '241', 'Unde iusto repudiandae soluta eveniet blanditiis. Aut in eos velit. Corporis et reiciendis natus ad aut.', '1971-09-11 07:39:13');
INSERT INTO `messages` (`id`, `from_user_id`, `to_user_id`, `body`, `created_at`) VALUES ('27', '242', '242', 'Dolorem veniam cumque sit voluptatem est et. Sint cum quia ab non. Est cum sapiente dignissimos quia tempore eligendi explicabo. Possimus nostrum aliquid omnis deleniti enim mollitia.', '1999-12-15 23:52:39');
INSERT INTO `messages` (`id`, `from_user_id`, `to_user_id`, `body`, `created_at`) VALUES ('28', '244', '244', 'Voluptates doloremque placeat eum saepe. Minus commodi blanditiis ad aut quia voluptas voluptate. Consequuntur ut doloribus dolor totam facere quas quas. Est voluptas nostrum commodi commodi eum ut.', '1981-03-25 01:04:50');
INSERT INTO `messages` (`id`, `from_user_id`, `to_user_id`, `body`, `created_at`) VALUES ('29', '245', '245', 'Fuga doloremque veniam et ipsum nostrum voluptatum iusto. Pariatur id minima voluptatibus amet corrupti labore inventore. Qui at eveniet et voluptatem.', '1986-09-02 20:29:42');
INSERT INTO `messages` (`id`, `from_user_id`, `to_user_id`, `body`, `created_at`) VALUES ('30', '246', '246', 'Dolorum provident odio adipisci est quia. Est illum sunt ratione quas aut id nesciunt autem. Officia magni voluptas qui.', '1993-08-29 14:43:12');
INSERT INTO `messages` (`id`, `from_user_id`, `to_user_id`, `body`, `created_at`) VALUES ('31', '248', '248', 'Quam ducimus numquam quae. Et sint voluptas placeat et et dolorem. Error aut numquam eius ipsam possimus ut velit. Maiores nostrum autem enim odio magni culpa.', '1991-01-23 03:27:50');
INSERT INTO `messages` (`id`, `from_user_id`, `to_user_id`, `body`, `created_at`) VALUES ('32', '249', '249', 'Est non doloremque sed nihil est. Rerum rerum mollitia et dicta temporibus aut consequatur. Aliquid et quis illo voluptas perspiciatis.', '2001-10-23 20:43:30');
INSERT INTO `messages` (`id`, `from_user_id`, `to_user_id`, `body`, `created_at`) VALUES ('33', '251', '251', 'Ut velit voluptatem ut sed quis. Vitae consequatur sequi eveniet aspernatur fugiat maiores. Aut illo maxime modi aut dicta doloremque explicabo. Et harum aspernatur debitis amet architecto.', '1971-09-19 15:32:16');
INSERT INTO `messages` (`id`, `from_user_id`, `to_user_id`, `body`, `created_at`) VALUES ('34', '253', '253', 'Illum rem cumque itaque perspiciatis tenetur. Et molestias nihil vel. Accusamus temporibus autem nostrum id. Voluptatem exercitationem quisquam soluta.', '1978-11-08 19:07:37');
INSERT INTO `messages` (`id`, `from_user_id`, `to_user_id`, `body`, `created_at`) VALUES ('35', '254', '254', 'Qui commodi placeat ullam qui ratione aliquid voluptatem. Ut ullam magnam consequatur beatae qui voluptatem officia. In ipsa quisquam autem et commodi vel repellat.', '2005-03-24 20:53:45');
INSERT INTO `messages` (`id`, `from_user_id`, `to_user_id`, `body`, `created_at`) VALUES ('36', '256', '256', 'Est maiores dolor ad totam quis non. Occaecati molestiae maiores magnam. Maiores ea sunt dolor est et sunt deserunt. Et ipsa recusandae nemo vel.', '1987-04-21 13:26:57');
INSERT INTO `messages` (`id`, `from_user_id`, `to_user_id`, `body`, `created_at`) VALUES ('37', '257', '257', 'Quod qui harum a pariatur sapiente consequatur recusandae. Totam et rerum molestias maxime odit. Quisquam voluptate reprehenderit provident dolor. Voluptas ut nobis eos temporibus quo.', '1972-05-25 14:48:03');
INSERT INTO `messages` (`id`, `from_user_id`, `to_user_id`, `body`, `created_at`) VALUES ('38', '258', '258', 'Quis nulla voluptate similique nam corporis. Dolorem dolorum quidem architecto et fugit at iure. Ea voluptatum ad sunt est ea cumque qui. Illum nam inventore quidem placeat.', '2002-11-28 06:59:40');
INSERT INTO `messages` (`id`, `from_user_id`, `to_user_id`, `body`, `created_at`) VALUES ('39', '259', '259', 'Dicta dolor enim sed corrupti corporis recusandae quo. Corporis quis possimus sed ut accusamus similique aut optio.', '2016-01-23 05:17:30');
INSERT INTO `messages` (`id`, `from_user_id`, `to_user_id`, `body`, `created_at`) VALUES ('40', '261', '261', 'Possimus incidunt quis rem aut voluptates. Maiores dolore quis non consequatur consequatur sint autem. Voluptatum deserunt architecto unde in sit qui id. Vel optio quia illo est.', '2003-10-05 07:13:03');
INSERT INTO `messages` (`id`, `from_user_id`, `to_user_id`, `body`, `created_at`) VALUES ('41', '262', '262', 'Qui qui nam earum vel aut praesentium. Cum ipsum rerum vel dolor non ea quia. Voluptates dolor est qui quo libero. Dignissimos maxime aut aperiam repellendus praesentium.', '2000-11-07 17:32:08');
INSERT INTO `messages` (`id`, `from_user_id`, `to_user_id`, `body`, `created_at`) VALUES ('42', '264', '264', 'Libero sit tempore accusantium aperiam vel laudantium illum debitis. Officia doloribus ipsa corporis officiis labore cupiditate et consequuntur. Aperiam doloribus in magnam aut aperiam. Tempora id mollitia dolores fugiat et unde.', '1981-05-02 17:43:19');
INSERT INTO `messages` (`id`, `from_user_id`, `to_user_id`, `body`, `created_at`) VALUES ('43', '266', '266', 'Eaque voluptatem ullam mollitia amet dicta nulla enim. Rem dolores voluptas eos sint nostrum maiores. Earum temporibus debitis odit sit.', '1973-03-23 20:10:49');
INSERT INTO `messages` (`id`, `from_user_id`, `to_user_id`, `body`, `created_at`) VALUES ('44', '268', '268', 'Asperiores assumenda et asperiores harum provident. Magni voluptatem atque aut ipsam. Sed officiis non ut aut quaerat quo. Reiciendis ipsam aspernatur voluptates ab aliquid omnis. Tenetur vitae sed amet provident.', '1984-04-13 23:03:28');
INSERT INTO `messages` (`id`, `from_user_id`, `to_user_id`, `body`, `created_at`) VALUES ('45', '269', '269', 'Est voluptatibus fugit voluptas voluptatum. Quae dolores officiis minus minus illum facere animi cupiditate. Iste id delectus fugit molestias aut. Ipsa in laborum voluptas vitae optio consequatur.', '1987-02-03 13:51:06');
INSERT INTO `messages` (`id`, `from_user_id`, `to_user_id`, `body`, `created_at`) VALUES ('46', '270', '270', 'Maiores ex et sed. Libero iusto aperiam error sit minima. Iste vitae repellat repudiandae. Sint quis officia hic qui molestiae rem et.', '1978-09-10 22:20:31');
INSERT INTO `messages` (`id`, `from_user_id`, `to_user_id`, `body`, `created_at`) VALUES ('47', '271', '271', 'Itaque et assumenda voluptas qui nesciunt reprehenderit autem. Alias doloribus at nulla ut non cupiditate accusamus. Adipisci nisi ullam possimus laboriosam tempora sit praesentium quo. Animi ut consequatur inventore eum. Unde exercitationem dolores dicta voluptates quia explicabo porro.', '2000-10-17 08:26:34');
INSERT INTO `messages` (`id`, `from_user_id`, `to_user_id`, `body`, `created_at`) VALUES ('48', '272', '272', 'Aspernatur deleniti a accusantium magni culpa et vel. Exercitationem veniam consequatur illo placeat. Magni earum rerum sed aut corrupti in. Facere temporibus aspernatur consequatur rerum esse voluptatem.', '2009-05-27 06:24:14');
INSERT INTO `messages` (`id`, `from_user_id`, `to_user_id`, `body`, `created_at`) VALUES ('49', '274', '274', 'Vel illum tempora qui molestiae. Nobis ut asperiores ipsam repellat cupiditate ratione. Eum alias ducimus quia ut eligendi velit sunt. Dolorem illum et cupiditate libero perferendis.', '1985-12-01 22:01:24');
INSERT INTO `messages` (`id`, `from_user_id`, `to_user_id`, `body`, `created_at`) VALUES ('50', '275', '275', 'Dolor excepturi ab perspiciatis doloremque aut explicabo earum. Omnis et et beatae ullam enim. Quos beatae molestiae eaque sint fugiat ea enim voluptas.', '2004-08-21 08:04:58');
INSERT INTO `messages` (`id`, `from_user_id`, `to_user_id`, `body`, `created_at`) VALUES ('51', '279', '279', 'Rem et provident magnam nulla. Vero commodi blanditiis atque et sint recusandae aut. Recusandae modi dolor doloribus accusantium quaerat voluptatem voluptate.', '1979-06-05 23:20:51');
INSERT INTO `messages` (`id`, `from_user_id`, `to_user_id`, `body`, `created_at`) VALUES ('52', '280', '280', 'Repudiandae fugit et eum quaerat molestiae hic quas. Incidunt dignissimos at eaque nihil itaque dignissimos iusto et. Molestiae nemo voluptas ea qui eum laborum. Repellendus et expedita rerum reprehenderit odit. Aut ipsa excepturi soluta enim.', '2008-11-05 02:46:42');
INSERT INTO `messages` (`id`, `from_user_id`, `to_user_id`, `body`, `created_at`) VALUES ('53', '281', '281', 'Odit debitis assumenda eos cum sit non. Ea explicabo quo accusantium. Earum voluptate eum vel consequuntur. Velit ducimus dolorem nihil aut aut ullam consequatur sit.', '1995-12-03 14:13:25');
INSERT INTO `messages` (`id`, `from_user_id`, `to_user_id`, `body`, `created_at`) VALUES ('54', '285', '285', 'Quibusdam amet quaerat voluptatem voluptas qui sunt. Reprehenderit illum aut est quia velit pariatur non. Et quaerat in enim nemo et. Nihil deleniti dignissimos maiores quam qui nobis ipsa unde. Dolor blanditiis inventore recusandae.', '1974-09-02 14:24:15');
INSERT INTO `messages` (`id`, `from_user_id`, `to_user_id`, `body`, `created_at`) VALUES ('55', '289', '289', 'Sunt minima numquam voluptatem saepe aliquid ipsam. Suscipit ut eum rerum quasi et. Sunt iste unde perferendis sit et fuga et quia.', '1999-07-22 13:09:14');
INSERT INTO `messages` (`id`, `from_user_id`, `to_user_id`, `body`, `created_at`) VALUES ('56', '292', '292', 'Deleniti enim dignissimos autem blanditiis veniam omnis voluptas. Quaerat eaque quas est vel fuga. Nobis voluptatem enim est minima soluta. Voluptate inventore at est sed.', '1980-03-19 23:03:39');
INSERT INTO `messages` (`id`, `from_user_id`, `to_user_id`, `body`, `created_at`) VALUES ('57', '294', '294', 'Temporibus vel fuga corporis voluptatum consequatur. Molestiae sit amet dolorem qui laudantium et. Aut numquam autem eligendi facilis ea dolores optio. Perferendis eius quos sequi enim voluptatem architecto.', '2001-08-25 23:38:07');
INSERT INTO `messages` (`id`, `from_user_id`, `to_user_id`, `body`, `created_at`) VALUES ('58', '295', '295', 'Sit veritatis dolorem ut ex consectetur rerum. Eaque earum nulla omnis adipisci similique. Similique asperiores ut pariatur deleniti quaerat inventore itaque.', '1974-07-28 14:21:00');
INSERT INTO `messages` (`id`, `from_user_id`, `to_user_id`, `body`, `created_at`) VALUES ('59', '296', '296', 'In sint molestiae sint deleniti ipsa. Reiciendis recusandae omnis natus. Eos consequatur suscipit voluptas veritatis dolorum dolor.', '2007-01-07 13:18:58');
INSERT INTO `messages` (`id`, `from_user_id`, `to_user_id`, `body`, `created_at`) VALUES ('60', '297', '297', 'Et ex molestias incidunt in voluptatem quia. Non consequatur et odio fugiat. Et nulla voluptate doloribus enim quia aliquid ex. Iure dolor consequatur perferendis laborum.', '1978-05-24 01:11:40');
INSERT INTO `messages` (`id`, `from_user_id`, `to_user_id`, `body`, `created_at`) VALUES ('61', '298', '298', 'Facilis est nisi reprehenderit. Rerum consectetur amet sunt et. A id quisquam praesentium.', '2003-04-08 16:25:32');
INSERT INTO `messages` (`id`, `from_user_id`, `to_user_id`, `body`, `created_at`) VALUES ('62', '299', '299', 'Libero voluptate dolorum et. Unde ratione consequuntur vel autem. Aut temporibus doloribus nemo beatae qui illo. Explicabo minima alias facilis tempore dolore.', '2005-08-01 16:47:42');
INSERT INTO `messages` (`id`, `from_user_id`, `to_user_id`, `body`, `created_at`) VALUES ('63', '300', '300', 'Alias nulla in dignissimos amet nemo fugiat perspiciatis ut. Mollitia autem qui modi et. Deleniti voluptatibus officia praesentium repudiandae itaque aut.', '1997-06-30 20:02:06');
INSERT INTO `messages` (`id`, `from_user_id`, `to_user_id`, `body`, `created_at`) VALUES ('64', '301', '301', 'Quo beatae sit aliquid officiis cupiditate. Et est repellat beatae ipsum ab eius ut. Qui eos facilis adipisci aut. Deleniti recusandae ab optio earum. Tempora aut nam molestiae rerum sint dignissimos esse.', '1977-01-22 13:24:12');
INSERT INTO `messages` (`id`, `from_user_id`, `to_user_id`, `body`, `created_at`) VALUES ('65', '302', '302', 'Excepturi qui rem ex assumenda non distinctio et impedit. Voluptas consequatur tempore explicabo deserunt. Rerum quis qui corrupti minus.', '2016-05-12 12:00:52');
INSERT INTO `messages` (`id`, `from_user_id`, `to_user_id`, `body`, `created_at`) VALUES ('66', '304', '304', 'Corporis voluptatibus nam doloribus dolore harum quam. Sed aliquam ut nesciunt ut. Voluptas qui impedit provident illum et.', '1970-05-23 13:16:45');
INSERT INTO `messages` (`id`, `from_user_id`, `to_user_id`, `body`, `created_at`) VALUES ('67', '305', '305', 'Quo qui aut nihil voluptatem perferendis asperiores. Amet rem consequuntur aperiam aut alias autem natus. Ex optio provident asperiores inventore sit cumque. Voluptatem sit expedita est sit facere.', '1981-03-06 08:46:31');
INSERT INTO `messages` (`id`, `from_user_id`, `to_user_id`, `body`, `created_at`) VALUES ('68', '306', '306', 'Rerum quibusdam consequatur quisquam est provident voluptatibus. Dolore corporis quis est est. Alias laboriosam quisquam laborum explicabo quia error expedita quaerat. Porro porro ea perspiciatis eius excepturi quo dolores.', '1994-12-20 20:46:36');
INSERT INTO `messages` (`id`, `from_user_id`, `to_user_id`, `body`, `created_at`) VALUES ('69', '307', '307', 'Eligendi quis vitae delectus ea. Ullam est nobis ad ut voluptas quia occaecati. Ea atque distinctio consequatur occaecati odio iusto. Culpa fugiat eum eius.', '2012-06-16 21:30:37');
INSERT INTO `messages` (`id`, `from_user_id`, `to_user_id`, `body`, `created_at`) VALUES ('70', '308', '308', 'Corrupti nobis accusamus harum omnis iste nam. Et sit error deserunt officia. Unde sapiente deleniti velit et.', '1997-12-03 22:59:25');
INSERT INTO `messages` (`id`, `from_user_id`, `to_user_id`, `body`, `created_at`) VALUES ('71', '311', '311', 'Et nam maxime et in esse voluptas veritatis. Ipsam vitae eligendi natus sed.', '1999-08-12 16:32:17');
INSERT INTO `messages` (`id`, `from_user_id`, `to_user_id`, `body`, `created_at`) VALUES ('72', '314', '314', 'Cupiditate ut modi recusandae perferendis. Eius ea ex quidem. Consequatur et consequuntur voluptatem assumenda. Porro quia eius aspernatur.', '1999-12-07 12:00:36');
INSERT INTO `messages` (`id`, `from_user_id`, `to_user_id`, `body`, `created_at`) VALUES ('73', '315', '315', 'Modi omnis aspernatur ut laudantium. Consequatur deleniti praesentium est doloremque soluta. Molestiae tempore aut possimus voluptatibus sunt sequi quasi. Laborum aut sit et pariatur est nulla. Ullam aspernatur neque et ratione numquam temporibus.', '1994-08-23 18:29:44');
INSERT INTO `messages` (`id`, `from_user_id`, `to_user_id`, `body`, `created_at`) VALUES ('74', '316', '316', 'Qui cum qui eius eos qui natus amet. Esse perferendis aliquid expedita explicabo in culpa nihil. Cum maxime autem inventore. Earum ullam quos quasi sed quia.', '1976-12-27 18:49:07');
INSERT INTO `messages` (`id`, `from_user_id`, `to_user_id`, `body`, `created_at`) VALUES ('75', '317', '317', 'Perferendis vitae omnis dignissimos similique est. Ea natus esse neque dolor autem quidem at. Magnam exercitationem aut architecto odit consequatur repudiandae velit. Voluptates saepe eligendi consequatur necessitatibus incidunt eum quas. Recusandae quisquam sint in non voluptas et.', '2021-01-18 07:59:55');
INSERT INTO `messages` (`id`, `from_user_id`, `to_user_id`, `body`, `created_at`) VALUES ('76', '318', '318', 'Praesentium ut doloribus omnis nulla magni aut eius. Fugiat quia quisquam sunt vero architecto repudiandae. Neque enim quam rerum quas numquam quibusdam sunt doloremque. Est nulla sed autem non architecto.', '2004-04-22 05:36:32');
INSERT INTO `messages` (`id`, `from_user_id`, `to_user_id`, `body`, `created_at`) VALUES ('77', '319', '319', 'Corporis nihil iusto dolorem ut aspernatur odio. Itaque nihil est hic nulla. Laudantium exercitationem aperiam nobis consequatur est officia cum voluptatem. Corrupti qui sint consectetur ducimus.', '2016-02-11 07:11:41');
INSERT INTO `messages` (`id`, `from_user_id`, `to_user_id`, `body`, `created_at`) VALUES ('78', '321', '321', 'Beatae minima accusantium ea consectetur et doloribus. Vel sit explicabo rerum occaecati. Nesciunt commodi enim sed eveniet vitae. Vero est dolor minus sunt maxime odit autem quisquam. Aperiam hic delectus ad iste.', '2001-03-29 23:56:53');
INSERT INTO `messages` (`id`, `from_user_id`, `to_user_id`, `body`, `created_at`) VALUES ('79', '325', '325', 'Velit numquam a recusandae est fugiat voluptatibus natus et. Debitis asperiores aut et rem suscipit dolore est.', '1973-04-13 16:45:31');
INSERT INTO `messages` (`id`, `from_user_id`, `to_user_id`, `body`, `created_at`) VALUES ('80', '326', '326', 'Commodi distinctio officia ex voluptas recusandae. Nam qui corrupti quisquam tempora. Dolore fugit aliquid earum optio et laudantium doloremque et.', '1994-04-24 22:23:18');
INSERT INTO `messages` (`id`, `from_user_id`, `to_user_id`, `body`, `created_at`) VALUES ('81', '327', '327', 'Ipsam sint provident quam qui impedit eaque molestias. Enim esse ut enim ut delectus vitae aut. Odit aspernatur expedita rerum accusamus magni in eius.', '2007-10-19 16:14:44');
INSERT INTO `messages` (`id`, `from_user_id`, `to_user_id`, `body`, `created_at`) VALUES ('82', '329', '329', 'Repellat et consequuntur blanditiis omnis tempore quasi. Non tenetur corporis ipsam exercitationem nihil. Quae nihil aperiam totam tempore. Et reiciendis earum omnis accusantium.', '2010-02-07 20:43:59');
INSERT INTO `messages` (`id`, `from_user_id`, `to_user_id`, `body`, `created_at`) VALUES ('83', '336', '336', 'Voluptatem excepturi et excepturi impedit quia qui. Voluptatem ea et sit nobis autem.', '1991-02-04 19:41:51');
INSERT INTO `messages` (`id`, `from_user_id`, `to_user_id`, `body`, `created_at`) VALUES ('84', '337', '337', 'Nesciunt quas occaecati sed ipsum voluptatem. Repudiandae ut incidunt in nostrum porro. Excepturi dolorem deserunt quibusdam vel sunt veniam quia.', '1970-08-16 04:27:12');
INSERT INTO `messages` (`id`, `from_user_id`, `to_user_id`, `body`, `created_at`) VALUES ('85', '338', '338', 'Animi suscipit provident iusto ex quo exercitationem qui. Quae architecto sint inventore cumque ullam. Tenetur non magni iure qui quidem labore quo. Qui molestiae amet quasi delectus id quidem.', '1979-12-09 11:31:08');
INSERT INTO `messages` (`id`, `from_user_id`, `to_user_id`, `body`, `created_at`) VALUES ('86', '339', '339', 'Esse commodi eveniet iste aut impedit delectus. Rerum magni soluta perspiciatis porro voluptas. Aliquid ea qui ab necessitatibus aut aut tenetur. Repellat ea velit aliquid a pariatur.', '2013-08-16 07:57:25');
INSERT INTO `messages` (`id`, `from_user_id`, `to_user_id`, `body`, `created_at`) VALUES ('87', '340', '340', 'Nemo itaque quia in veniam qui. Aut fugiat provident non occaecati. Itaque voluptatibus eaque earum ut eligendi suscipit dolores. Aliquid qui sed corrupti qui culpa doloribus odit qui.', '2018-07-06 05:37:46');
INSERT INTO `messages` (`id`, `from_user_id`, `to_user_id`, `body`, `created_at`) VALUES ('88', '341', '341', 'Enim ipsum qui velit quia commodi. Consequatur praesentium voluptas aut occaecati ab ad. Voluptatem in laborum sed et.', '2014-06-20 18:40:09');
INSERT INTO `messages` (`id`, `from_user_id`, `to_user_id`, `body`, `created_at`) VALUES ('89', '343', '343', 'Recusandae id asperiores sit optio. Culpa placeat in qui minima repellat.', '1985-04-05 03:34:49');
INSERT INTO `messages` (`id`, `from_user_id`, `to_user_id`, `body`, `created_at`) VALUES ('90', '344', '344', 'Corporis ut aut tempora eius sint. Neque quia a error consectetur sint. Quaerat occaecati quia et sunt.', '1987-03-01 10:01:03');
INSERT INTO `messages` (`id`, `from_user_id`, `to_user_id`, `body`, `created_at`) VALUES ('91', '345', '345', 'Ut neque error est a. Quidem qui cum praesentium sint. Alias molestiae dicta omnis ipsum eum.', '2013-11-19 00:34:57');
INSERT INTO `messages` (`id`, `from_user_id`, `to_user_id`, `body`, `created_at`) VALUES ('92', '347', '347', 'Aut voluptatem omnis quia blanditiis ut voluptatem illum dignissimos. Voluptates fugit nihil rerum fugiat incidunt in. Non ea culpa molestiae in. Qui id autem id illum sint repudiandae ullam quia.', '1984-04-15 17:38:51');
INSERT INTO `messages` (`id`, `from_user_id`, `to_user_id`, `body`, `created_at`) VALUES ('93', '348', '348', 'Quae consequuntur cupiditate nobis voluptas voluptates voluptatem. Quo est reiciendis aut quis. Consequatur et facilis non aliquid saepe eos. Animi qui incidunt culpa optio autem consequatur tempora. Maxime laborum voluptatum quidem quo totam dignissimos ipsa.', '2013-03-22 05:25:32');
INSERT INTO `messages` (`id`, `from_user_id`, `to_user_id`, `body`, `created_at`) VALUES ('94', '350', '350', 'Autem ipsa consectetur molestias labore. Dignissimos id optio culpa voluptatibus ad eos dolores. Dolor occaecati sit necessitatibus quaerat. Dicta impedit vero nisi.', '1979-08-03 21:48:24');
INSERT INTO `messages` (`id`, `from_user_id`, `to_user_id`, `body`, `created_at`) VALUES ('95', '351', '351', 'Autem fugit impedit adipisci aut. Molestias ducimus iste quisquam illo repellat illo tenetur reprehenderit. Tempore perspiciatis aliquid eligendi autem itaque veniam voluptatem.', '2005-02-28 00:51:48');
INSERT INTO `messages` (`id`, `from_user_id`, `to_user_id`, `body`, `created_at`) VALUES ('96', '352', '352', 'Facere voluptas corrupti reiciendis commodi. Deserunt deserunt quam quo quisquam alias voluptas dicta. Voluptas temporibus temporibus hic in et.', '1981-05-27 01:44:48');
INSERT INTO `messages` (`id`, `from_user_id`, `to_user_id`, `body`, `created_at`) VALUES ('97', '357', '357', 'Quia aut id adipisci iste quia quo. Dolorem pariatur sint harum. Quaerat nostrum quibusdam tenetur sequi sed.', '2010-04-15 14:37:46');
INSERT INTO `messages` (`id`, `from_user_id`, `to_user_id`, `body`, `created_at`) VALUES ('98', '358', '358', 'Optio cumque eaque eum recusandae. Voluptate voluptatem quis nesciunt quo illum. Consectetur voluptatum voluptas aut molestiae molestiae. Mollitia in minima asperiores maiores dolore adipisci maxime. Praesentium facere ipsum incidunt et soluta voluptatibus.', '1993-06-15 23:15:53');
INSERT INTO `messages` (`id`, `from_user_id`, `to_user_id`, `body`, `created_at`) VALUES ('99', '361', '361', 'Aut dolorem nisi impedit consequuntur id id commodi. Sapiente eaque ut voluptas velit. Illum sunt illo excepturi quia velit. Ullam voluptatem magnam velit tempora incidunt provident.', '1995-01-04 06:59:26');
INSERT INTO `messages` (`id`, `from_user_id`, `to_user_id`, `body`, `created_at`) VALUES ('100', '363', '363', 'Exercitationem voluptatem veritatis est doloremque est aut. Magni sint voluptas autem voluptatem nostrum sed. Excepturi non eligendi voluptate doloremque voluptate.', '2019-11-05 05:19:38');
INSERT INTO `messages` (`id`, `from_user_id`, `to_user_id`, `body`, `created_at`) VALUES ('101', '364', '364', 'Et architecto ratione rerum dolorum aut soluta velit. Placeat beatae quam quia non facere. Quod omnis necessitatibus cumque earum sunt. Quibusdam rem quis consectetur inventore eos voluptatum ut et.', '1983-03-22 18:01:58');
INSERT INTO `messages` (`id`, `from_user_id`, `to_user_id`, `body`, `created_at`) VALUES ('102', '366', '366', 'Et deleniti quas ipsa molestiae eos sunt. Est animi explicabo maxime et nisi ab est ut. Possimus ab est quod suscipit expedita et. Perferendis nulla voluptas hic laborum.', '1974-06-19 19:04:56');
INSERT INTO `messages` (`id`, `from_user_id`, `to_user_id`, `body`, `created_at`) VALUES ('103', '367', '367', 'Provident et eius qui repellendus nemo atque. Temporibus quia nihil aut eos libero deserunt eum. Dolores aliquam error velit consequatur. Temporibus aperiam non mollitia veritatis nam ut nobis et.', '1975-02-06 04:23:32');
INSERT INTO `messages` (`id`, `from_user_id`, `to_user_id`, `body`, `created_at`) VALUES ('104', '368', '368', 'Nemo illo impedit dignissimos. Necessitatibus temporibus aut perferendis suscipit.', '2015-05-08 04:18:14');
INSERT INTO `messages` (`id`, `from_user_id`, `to_user_id`, `body`, `created_at`) VALUES ('105', '369', '369', 'Facilis qui tenetur voluptatum repellat quis. Aut rerum consequuntur consequatur cupiditate nesciunt quia qui. Quaerat accusantium sed odit nemo non exercitationem aut est. Consequatur temporibus quo veniam amet ea sapiente tempore.', '1970-09-02 00:55:06');
INSERT INTO `messages` (`id`, `from_user_id`, `to_user_id`, `body`, `created_at`) VALUES ('106', '372', '372', 'Occaecati accusamus quae sequi sunt fuga quod sint. Architecto iusto expedita temporibus qui quibusdam dolores distinctio.', '2000-12-21 21:48:08');
INSERT INTO `messages` (`id`, `from_user_id`, `to_user_id`, `body`, `created_at`) VALUES ('107', '373', '373', 'Sit ea non qui sit rerum voluptatem eaque ut. Quas atque repellat sit sint veniam aut consequatur. Odit sed repellendus esse consequatur voluptatem consectetur aut. Facere saepe minima quaerat.', '2001-06-01 11:03:06');
INSERT INTO `messages` (`id`, `from_user_id`, `to_user_id`, `body`, `created_at`) VALUES ('108', '375', '375', 'Quia facere adipisci ipsam ratione molestiae laborum culpa est. Iste nulla quam omnis.', '1995-08-24 04:58:59');
INSERT INTO `messages` (`id`, `from_user_id`, `to_user_id`, `body`, `created_at`) VALUES ('109', '378', '378', 'Sit aut aut nisi cupiditate doloribus. Ex quo nemo illo dolore dolor. Hic impedit enim sit cupiditate magnam ut similique cum.', '2019-07-18 16:25:00');
INSERT INTO `messages` (`id`, `from_user_id`, `to_user_id`, `body`, `created_at`) VALUES ('110', '380', '380', 'Eos itaque nostrum itaque voluptatum tempora omnis. Minus occaecati in ipsum sunt est. Enim officia quibusdam vel aperiam quo sit.', '2018-09-06 09:36:44');
INSERT INTO `messages` (`id`, `from_user_id`, `to_user_id`, `body`, `created_at`) VALUES ('111', '381', '381', 'Occaecati temporibus excepturi et adipisci quis sed magnam. Harum est mollitia voluptate culpa amet. Rerum aut aut nam odio. Nulla consequatur est ut nemo non.', '2002-07-04 09:44:15');
INSERT INTO `messages` (`id`, `from_user_id`, `to_user_id`, `body`, `created_at`) VALUES ('112', '385', '385', 'Qui dolorum aspernatur doloribus voluptas nam dolor consequatur error. Quis sit sunt ipsa aut totam optio. Voluptatum numquam delectus nihil consequatur alias. Assumenda voluptatem tempora unde commodi et voluptas aut culpa.', '1991-12-14 09:21:15');
INSERT INTO `messages` (`id`, `from_user_id`, `to_user_id`, `body`, `created_at`) VALUES ('113', '386', '386', 'Rerum esse suscipit tenetur suscipit repudiandae sequi. Fugiat commodi repudiandae incidunt quis. Omnis temporibus velit minus dicta. Explicabo iste fugit rerum debitis recusandae unde quas.', '1976-10-15 07:16:10');
INSERT INTO `messages` (`id`, `from_user_id`, `to_user_id`, `body`, `created_at`) VALUES ('114', '388', '388', 'Eveniet nostrum voluptas minus maiores accusamus aut. Est dolorem perspiciatis rerum aspernatur praesentium. Eius aperiam molestiae maiores sit voluptate nihil quam excepturi. Et ipsam dolores magni est.', '1979-09-12 07:02:56');
INSERT INTO `messages` (`id`, `from_user_id`, `to_user_id`, `body`, `created_at`) VALUES ('115', '391', '391', 'Consequatur quisquam ex officiis quia sunt non. Voluptas doloremque ut illo facilis quod quos. Tempore soluta nihil est ad veniam.', '1992-11-30 22:12:07');
INSERT INTO `messages` (`id`, `from_user_id`, `to_user_id`, `body`, `created_at`) VALUES ('116', '392', '392', 'Vitae in rem officiis aliquid sit perspiciatis minima. Et dolor sint reiciendis delectus consequatur minima. Libero dolore vero eaque. Labore fugit quae aperiam deserunt. Sed modi magni alias dolores.', '1981-07-29 17:32:10');
INSERT INTO `messages` (`id`, `from_user_id`, `to_user_id`, `body`, `created_at`) VALUES ('117', '393', '393', 'Sed nisi ex sapiente dicta commodi nemo deserunt. Fugit architecto expedita magnam perferendis. Aut eligendi numquam itaque. Dolor minus tempora reprehenderit dolore quas eos.', '2015-02-12 02:44:15');
INSERT INTO `messages` (`id`, `from_user_id`, `to_user_id`, `body`, `created_at`) VALUES ('118', '395', '395', 'Reprehenderit fugit laudantium pariatur. Illum odio maxime ea architecto qui. Sapiente adipisci explicabo maiores aliquam blanditiis. Omnis voluptates culpa ratione.', '1970-01-10 03:38:34');
INSERT INTO `messages` (`id`, `from_user_id`, `to_user_id`, `body`, `created_at`) VALUES ('119', '396', '396', 'Consequatur optio ad libero sed sunt. Aspernatur eius dolores rerum asperiores iusto ab ut. Voluptas occaecati est quia aut at.', '1983-05-10 01:30:09');
INSERT INTO `messages` (`id`, `from_user_id`, `to_user_id`, `body`, `created_at`) VALUES ('120', '201', '201', 'Officiis et repudiandae est porro. Occaecati cupiditate ipsa voluptatem qui voluptatibus ut quia. Iste et deserunt quia possimus.', '1994-05-20 14:50:32');
INSERT INTO `messages` (`id`, `from_user_id`, `to_user_id`, `body`, `created_at`) VALUES ('121', '202', '202', 'Suscipit rerum laborum voluptatem qui ratione beatae repellat consectetur. Neque sed iste mollitia non. Odio sint quia magnam.', '2001-10-08 23:44:19');
INSERT INTO `messages` (`id`, `from_user_id`, `to_user_id`, `body`, `created_at`) VALUES ('122', '204', '204', 'Dolorum non sequi similique commodi voluptatem aut. Quaerat mollitia ad consequatur nihil. Neque laboriosam est voluptatem fuga culpa quia dolor. Magni laboriosam provident possimus voluptatem. Aut ut dolorum facilis nesciunt.', '1977-04-19 09:33:37');
INSERT INTO `messages` (`id`, `from_user_id`, `to_user_id`, `body`, `created_at`) VALUES ('123', '206', '206', 'Qui in cumque omnis ut nulla inventore nostrum. Quia similique et magni. Est qui sunt eos enim incidunt cupiditate natus rerum.', '2011-12-06 09:11:14');
INSERT INTO `messages` (`id`, `from_user_id`, `to_user_id`, `body`, `created_at`) VALUES ('124', '208', '208', 'At rerum quasi explicabo aliquid occaecati. Vel temporibus fuga veniam autem alias maxime quis. Tempora aperiam corrupti inventore dolorem tempore.', '1988-12-11 23:56:37');
INSERT INTO `messages` (`id`, `from_user_id`, `to_user_id`, `body`, `created_at`) VALUES ('125', '210', '210', 'Reprehenderit sed ut eius id enim. Et qui soluta dolor cumque autem eos. Odit at commodi ratione consequatur.', '1988-08-30 03:20:19');
INSERT INTO `messages` (`id`, `from_user_id`, `to_user_id`, `body`, `created_at`) VALUES ('126', '211', '211', 'Eius eos ut ut dolores facilis fugit. Voluptatum sed quia optio porro aliquam tempora quisquam. Officiis soluta quos praesentium debitis.', '1976-09-04 04:59:47');
INSERT INTO `messages` (`id`, `from_user_id`, `to_user_id`, `body`, `created_at`) VALUES ('127', '213', '213', 'Sapiente nulla praesentium fuga quo cumque. Non molestiae et aperiam at dolorum quod. Libero suscipit mollitia voluptatem earum.', '1979-08-26 05:24:54');
INSERT INTO `messages` (`id`, `from_user_id`, `to_user_id`, `body`, `created_at`) VALUES ('128', '214', '214', 'Molestiae sapiente magnam ut architecto id. Impedit facere praesentium quos ipsa alias ratione quasi. Sapiente deleniti autem recusandae impedit animi repellat facere. Velit temporibus at reprehenderit omnis perferendis officiis corrupti.', '1971-03-16 08:03:29');
INSERT INTO `messages` (`id`, `from_user_id`, `to_user_id`, `body`, `created_at`) VALUES ('129', '217', '217', 'Corrupti iusto repellat occaecati nisi rem est illum. Voluptas voluptatum necessitatibus non est accusantium qui. Perspiciatis quaerat sunt dolore eligendi blanditiis. Sed laboriosam ut animi ducimus harum sed minima.', '2001-10-09 01:55:43');
INSERT INTO `messages` (`id`, `from_user_id`, `to_user_id`, `body`, `created_at`) VALUES ('130', '218', '218', 'Rerum et a rerum excepturi. Debitis labore voluptatum quas. Eligendi et eos libero quae quibusdam magni est.', '1976-07-17 18:03:49');
INSERT INTO `messages` (`id`, `from_user_id`, `to_user_id`, `body`, `created_at`) VALUES ('131', '220', '220', 'Minima et earum molestiae assumenda perspiciatis. Cupiditate error consequuntur consequatur aut totam rem. Reprehenderit tempore sunt cum qui quasi.', '1988-02-25 05:17:07');
INSERT INTO `messages` (`id`, `from_user_id`, `to_user_id`, `body`, `created_at`) VALUES ('132', '223', '223', 'Quisquam iusto perferendis et et nesciunt dicta ea. Fuga et voluptatem distinctio neque. Quibusdam nulla dolorem quas dolores blanditiis est.', '2005-04-06 22:04:17');
INSERT INTO `messages` (`id`, `from_user_id`, `to_user_id`, `body`, `created_at`) VALUES ('133', '224', '224', 'Earum ipsa nam voluptas minima ipsam perspiciatis. Eum numquam delectus in eaque ut dolore temporibus. Occaecati non expedita sint consequatur et ut eaque. Eligendi est sequi nesciunt impedit eligendi.', '1976-11-30 15:51:12');
INSERT INTO `messages` (`id`, `from_user_id`, `to_user_id`, `body`, `created_at`) VALUES ('134', '226', '226', 'Omnis porro consequuntur odit magni. Sed est repellendus temporibus nemo ipsa omnis omnis. Quis et vel possimus nobis ab. Recusandae dolores illo nemo sint sunt. Dignissimos qui et et velit.', '1998-07-13 06:26:40');
INSERT INTO `messages` (`id`, `from_user_id`, `to_user_id`, `body`, `created_at`) VALUES ('135', '227', '227', 'Dolores et eum ut et numquam voluptatum rerum. Doloribus ipsum velit sint qui. Qui nihil aut sit quas ut facere. Voluptas sunt quia odio nostrum odio delectus laboriosam magni.', '1989-04-13 03:21:16');
INSERT INTO `messages` (`id`, `from_user_id`, `to_user_id`, `body`, `created_at`) VALUES ('136', '228', '228', 'Laudantium in aut harum sit sunt maiores. Labore rerum sed perspiciatis. Sed rerum veritatis quo officiis.', '2006-06-06 17:10:05');
INSERT INTO `messages` (`id`, `from_user_id`, `to_user_id`, `body`, `created_at`) VALUES ('137', '229', '229', 'Voluptates sed fugiat officiis error pariatur quaerat. Voluptas aut voluptatibus consequuntur aut nulla repudiandae perferendis. Voluptas sit dicta sint aut quibusdam exercitationem.', '1989-02-01 02:57:05');
INSERT INTO `messages` (`id`, `from_user_id`, `to_user_id`, `body`, `created_at`) VALUES ('138', '231', '231', 'Quasi modi eos perspiciatis eligendi. Quis voluptas asperiores atque voluptates quia labore officiis. Sint architecto enim laboriosam necessitatibus.', '1981-09-24 17:31:42');
INSERT INTO `messages` (`id`, `from_user_id`, `to_user_id`, `body`, `created_at`) VALUES ('139', '233', '233', 'Vel velit quia velit accusantium provident error quos. Illo maxime eos ea doloribus consequuntur eligendi. Et magni totam expedita quaerat laboriosam. Dolor alias et aut reprehenderit ex.', '2008-10-16 19:15:19');
INSERT INTO `messages` (`id`, `from_user_id`, `to_user_id`, `body`, `created_at`) VALUES ('140', '234', '234', 'Expedita occaecati repellendus et inventore quidem numquam eos aut. Totam asperiores aut nesciunt nesciunt aut ut. Deserunt ratione ex quis numquam eaque error itaque esse.', '1971-05-11 02:19:50');
INSERT INTO `messages` (`id`, `from_user_id`, `to_user_id`, `body`, `created_at`) VALUES ('141', '235', '235', 'Odit et maiores quaerat dicta quam sint voluptas unde. Inventore ducimus assumenda et ducimus rem repudiandae tempore. Reprehenderit nemo tenetur itaque iusto sit dignissimos. Recusandae dolorem id ut maxime reprehenderit qui. Natus maiores commodi animi quia in debitis.', '1983-06-14 08:28:41');
INSERT INTO `messages` (`id`, `from_user_id`, `to_user_id`, `body`, `created_at`) VALUES ('142', '236', '236', 'Omnis excepturi aut similique voluptas. Accusantium amet quo quidem. Eos porro fugit nihil nesciunt ea incidunt. Explicabo eligendi incidunt eligendi. Quibusdam quia non aliquid modi amet ullam sit.', '1992-10-21 03:40:03');
INSERT INTO `messages` (`id`, `from_user_id`, `to_user_id`, `body`, `created_at`) VALUES ('143', '238', '238', 'Est numquam magnam aut rerum rerum voluptate. Et nisi maxime eligendi voluptate. Aspernatur sed vel qui harum ut fugit. Est et porro ut perferendis praesentium sed.', '2016-09-05 02:04:46');
INSERT INTO `messages` (`id`, `from_user_id`, `to_user_id`, `body`, `created_at`) VALUES ('144', '239', '239', 'Id ullam quisquam aspernatur id numquam placeat. Aperiam eligendi inventore reprehenderit est aut enim. Rerum dolorem et officia.', '2016-06-06 16:33:16');
INSERT INTO `messages` (`id`, `from_user_id`, `to_user_id`, `body`, `created_at`) VALUES ('145', '241', '241', 'Sit maiores beatae beatae soluta sunt recusandae hic. Iure maxime asperiores illo earum. Cupiditate ipsam consequuntur amet et laborum.', '2015-04-04 17:39:15');
INSERT INTO `messages` (`id`, `from_user_id`, `to_user_id`, `body`, `created_at`) VALUES ('146', '242', '242', 'Et voluptates voluptatem nihil quisquam assumenda aut ea. Impedit non odit consequatur nesciunt temporibus. Sint qui enim autem corrupti ut. Tempore qui at et velit qui praesentium alias.', '2020-08-26 10:47:18');
INSERT INTO `messages` (`id`, `from_user_id`, `to_user_id`, `body`, `created_at`) VALUES ('147', '244', '244', 'Reiciendis at sint sunt quidem vero saepe. Minus assumenda aut est vitae. Iusto consequatur placeat cum delectus excepturi sed cumque. Atque animi doloremque ea omnis beatae nostrum quasi.', '1998-04-10 04:31:50');
INSERT INTO `messages` (`id`, `from_user_id`, `to_user_id`, `body`, `created_at`) VALUES ('148', '245', '245', 'Et est voluptas iste dicta inventore. Ut ut illum harum consequatur eos et labore.', '1997-09-07 06:10:23');
INSERT INTO `messages` (`id`, `from_user_id`, `to_user_id`, `body`, `created_at`) VALUES ('149', '246', '246', 'Dolores delectus nihil blanditiis enim quia nulla consectetur minus. Sunt nobis harum animi cumque aspernatur sint. Laboriosam accusamus optio quo nisi nam quaerat dicta. Molestiae laudantium debitis molestiae nihil quis.', '1997-12-10 06:29:05');
INSERT INTO `messages` (`id`, `from_user_id`, `to_user_id`, `body`, `created_at`) VALUES ('150', '248', '248', 'Distinctio odit unde ipsum rerum ipsum culpa. Molestiae in earum suscipit explicabo. Velit nesciunt qui dolores sunt odio voluptatem facilis.', '1972-11-08 10:04:23');
INSERT INTO `messages` (`id`, `from_user_id`, `to_user_id`, `body`, `created_at`) VALUES ('151', '249', '249', 'Et est cum et distinctio eveniet laudantium quos. Accusantium deleniti magni quidem quis. Alias possimus voluptate consequatur.', '1992-09-04 20:06:17');
INSERT INTO `messages` (`id`, `from_user_id`, `to_user_id`, `body`, `created_at`) VALUES ('152', '251', '251', 'Fugiat sunt consequatur sit eos repellat nihil. Corporis ipsa et id quo et maiores corrupti. Unde aut numquam sed nam autem.', '1998-12-14 13:46:05');
INSERT INTO `messages` (`id`, `from_user_id`, `to_user_id`, `body`, `created_at`) VALUES ('153', '253', '253', 'Rerum voluptas blanditiis ea sed fugiat voluptate. Sint ad id quasi voluptatum esse repellendus. Quas reiciendis numquam officia magni est excepturi ipsam. Aut facilis non laudantium aut consequuntur et.', '2014-06-20 10:32:38');
INSERT INTO `messages` (`id`, `from_user_id`, `to_user_id`, `body`, `created_at`) VALUES ('154', '254', '254', 'Eos ut reprehenderit aperiam optio aut non quo soluta. Voluptate id ea occaecati ducimus. Architecto et a fuga enim perspiciatis maiores. Nemo quidem autem adipisci voluptatum amet.', '1992-04-18 02:24:34');
INSERT INTO `messages` (`id`, `from_user_id`, `to_user_id`, `body`, `created_at`) VALUES ('155', '256', '256', 'Voluptatem consequatur molestiae quia magni laudantium itaque assumenda deleniti. Maxime facere aspernatur illo. Qui distinctio ut qui sequi.', '2017-03-27 08:44:42');
INSERT INTO `messages` (`id`, `from_user_id`, `to_user_id`, `body`, `created_at`) VALUES ('156', '257', '257', 'Libero praesentium quasi sed repellendus. Facere consequuntur aut itaque a rerum ad. Eos molestias ut aspernatur fugiat non. Quo provident repellat enim ut et nisi.', '2012-09-07 05:00:59');
INSERT INTO `messages` (`id`, `from_user_id`, `to_user_id`, `body`, `created_at`) VALUES ('157', '258', '258', 'Aut qui vero nesciunt maiores sint minus. Et est saepe delectus atque nobis non. Ducimus modi praesentium est modi laudantium. Est qui quae voluptatem suscipit at. Est suscipit et repellendus omnis quam.', '1997-04-23 16:19:29');
INSERT INTO `messages` (`id`, `from_user_id`, `to_user_id`, `body`, `created_at`) VALUES ('158', '259', '259', 'Officiis quia autem est nobis. Veniam quod officiis quidem corporis voluptate. Molestias molestias incidunt non sed soluta quas.', '1983-02-25 07:00:29');
INSERT INTO `messages` (`id`, `from_user_id`, `to_user_id`, `body`, `created_at`) VALUES ('159', '261', '261', 'Ut rem omnis provident deleniti. Voluptas molestiae in qui. Fugit qui voluptatibus explicabo cumque.', '2000-10-01 05:58:04');
INSERT INTO `messages` (`id`, `from_user_id`, `to_user_id`, `body`, `created_at`) VALUES ('160', '262', '262', 'Nesciunt et rerum unde consequuntur reprehenderit deserunt. Sed beatae sit reiciendis aut beatae ad et. Enim ducimus unde et optio et omnis unde et.', '1988-07-22 07:09:28');
INSERT INTO `messages` (`id`, `from_user_id`, `to_user_id`, `body`, `created_at`) VALUES ('161', '264', '264', 'Repellendus ad possimus quis. Autem architecto facilis vero eveniet nihil dignissimos. Nobis quia rem voluptatem illum voluptates nihil.', '2008-08-02 09:33:50');
INSERT INTO `messages` (`id`, `from_user_id`, `to_user_id`, `body`, `created_at`) VALUES ('162', '266', '266', 'Consequatur qui libero pariatur repellendus. Necessitatibus explicabo qui placeat assumenda ab voluptas. Eum ipsa et voluptate id nemo. Enim nobis soluta ut aliquam aut tempore sint.', '2020-06-12 23:58:03');
INSERT INTO `messages` (`id`, `from_user_id`, `to_user_id`, `body`, `created_at`) VALUES ('163', '268', '268', 'Numquam assumenda quis quisquam voluptates magni. Officia laboriosam sunt odio. Perspiciatis dolor rerum ipsam suscipit. Quia rerum voluptatibus non eaque nesciunt aperiam.', '2002-01-22 17:36:53');
INSERT INTO `messages` (`id`, `from_user_id`, `to_user_id`, `body`, `created_at`) VALUES ('164', '269', '269', 'Dolorum blanditiis totam autem excepturi reprehenderit debitis. Odio molestiae ipsa nam ut quasi doloribus. Quia consequuntur sint accusantium consectetur dolor.', '1991-10-26 12:26:36');
INSERT INTO `messages` (`id`, `from_user_id`, `to_user_id`, `body`, `created_at`) VALUES ('165', '270', '270', 'Error libero quo numquam non corrupti commodi vitae autem. Iusto repudiandae et laborum non dolor. Laboriosam quia commodi exercitationem dolores repellendus. Magni ratione quia maiores.', '1982-09-14 15:24:05');
INSERT INTO `messages` (`id`, `from_user_id`, `to_user_id`, `body`, `created_at`) VALUES ('166', '271', '271', 'Impedit aperiam sint qui qui. Tempore ad accusamus eum nisi est. Nihil consequuntur enim explicabo non rerum reiciendis.', '1984-07-18 09:20:51');
INSERT INTO `messages` (`id`, `from_user_id`, `to_user_id`, `body`, `created_at`) VALUES ('167', '272', '272', 'Repudiandae facere aut aut amet veniam rerum. Error aliquid ab impedit. Sed amet error est ducimus et quisquam voluptas in.', '2008-08-23 16:36:40');
INSERT INTO `messages` (`id`, `from_user_id`, `to_user_id`, `body`, `created_at`) VALUES ('168', '274', '274', 'Quia ipsam odit inventore dolores nostrum molestiae sint. Voluptatibus quos dignissimos est dolor corporis non.', '1982-01-05 10:21:56');
INSERT INTO `messages` (`id`, `from_user_id`, `to_user_id`, `body`, `created_at`) VALUES ('169', '275', '275', 'Et ipsa quos sit mollitia similique nostrum. Laboriosam sint facere cumque veritatis voluptatibus. Voluptatem eaque voluptatibus alias tenetur.', '2013-05-07 15:56:54');
INSERT INTO `messages` (`id`, `from_user_id`, `to_user_id`, `body`, `created_at`) VALUES ('170', '279', '279', 'Harum et officiis animi nihil eveniet voluptatem exercitationem. Voluptas mollitia vel iure quam ipsam. Delectus qui illum aut.', '1991-03-21 02:43:56');
INSERT INTO `messages` (`id`, `from_user_id`, `to_user_id`, `body`, `created_at`) VALUES ('171', '280', '280', 'Impedit dolor rerum non quis impedit impedit. Aliquid quo laboriosam sint quaerat. Non blanditiis fugiat tenetur odit dignissimos dolor quis.', '2010-11-23 03:52:14');
INSERT INTO `messages` (`id`, `from_user_id`, `to_user_id`, `body`, `created_at`) VALUES ('172', '281', '281', 'Dolores dolorem laudantium ut et. Autem rerum doloribus occaecati unde alias. Nam debitis quos qui facere ut sit laborum vero. Maiores ad quos nihil qui consectetur.', '1996-06-29 07:52:49');
INSERT INTO `messages` (`id`, `from_user_id`, `to_user_id`, `body`, `created_at`) VALUES ('173', '285', '285', 'Error deleniti vero exercitationem reiciendis accusantium omnis. Soluta mollitia voluptas repudiandae deleniti eaque omnis. Et sequi illum et totam. Blanditiis laborum ut est.', '1996-02-10 17:28:34');
INSERT INTO `messages` (`id`, `from_user_id`, `to_user_id`, `body`, `created_at`) VALUES ('174', '289', '289', 'Id et maxime sed blanditiis. Dolore itaque dolorem non illum unde. Quibusdam voluptatum quidem hic minima accusantium qui necessitatibus et.', '2017-10-17 10:31:12');
INSERT INTO `messages` (`id`, `from_user_id`, `to_user_id`, `body`, `created_at`) VALUES ('175', '292', '292', 'Expedita aspernatur iusto illo nihil autem est est. Itaque repellendus natus enim sint dolor aut eum. Accusantium et sit facere laborum ut animi aperiam.', '1975-03-06 00:29:06');
INSERT INTO `messages` (`id`, `from_user_id`, `to_user_id`, `body`, `created_at`) VALUES ('176', '294', '294', 'Nesciunt nobis qui laudantium nisi. Unde distinctio dolore ipsa dolor provident. Eum laudantium natus beatae voluptatem. Et cupiditate et rem perspiciatis.', '1990-12-07 08:24:04');
INSERT INTO `messages` (`id`, `from_user_id`, `to_user_id`, `body`, `created_at`) VALUES ('177', '295', '295', 'Ut eveniet et rerum quisquam provident. In ex sit at eligendi ad et laborum. Est est incidunt quis ducimus laudantium.', '2006-10-29 06:11:19');
INSERT INTO `messages` (`id`, `from_user_id`, `to_user_id`, `body`, `created_at`) VALUES ('178', '296', '296', 'Molestias voluptatibus esse beatae ut. Assumenda odio ut voluptas consequatur voluptate sit qui. Doloribus aliquid voluptas est aliquam ut et.', '2006-10-26 17:46:52');
INSERT INTO `messages` (`id`, `from_user_id`, `to_user_id`, `body`, `created_at`) VALUES ('179', '297', '297', 'Aperiam similique aliquam molestiae temporibus minima temporibus at minus. Vero enim officiis sint illo rerum non at adipisci. Et sed tempora architecto nihil accusamus omnis.', '1976-04-04 17:57:24');
INSERT INTO `messages` (`id`, `from_user_id`, `to_user_id`, `body`, `created_at`) VALUES ('180', '298', '298', 'Corrupti cum laudantium eos rerum. Distinctio in provident id molestias id vero. Eaque aliquid ut saepe. Et doloremque soluta odio voluptatem.', '2002-10-20 20:24:28');
INSERT INTO `messages` (`id`, `from_user_id`, `to_user_id`, `body`, `created_at`) VALUES ('181', '299', '299', 'Provident optio voluptatem non animi. Esse neque ut veniam nulla dolorem officia qui. Impedit et aliquam ea.', '1978-06-13 16:44:45');
INSERT INTO `messages` (`id`, `from_user_id`, `to_user_id`, `body`, `created_at`) VALUES ('182', '300', '300', 'Ut earum consequatur perferendis quae modi. Et dolorum modi tempore quia accusamus voluptas qui. Aut iste soluta sequi natus consectetur quam. Nesciunt iste molestiae adipisci consequatur adipisci ea maiores.', '1996-01-23 01:10:26');
INSERT INTO `messages` (`id`, `from_user_id`, `to_user_id`, `body`, `created_at`) VALUES ('183', '301', '301', 'Ratione aut et quae. Beatae aperiam quasi natus et et. Blanditiis ut nisi quaerat sint voluptas. Atque nostrum molestiae velit reprehenderit ipsum et.', '1970-08-03 20:59:34');
INSERT INTO `messages` (`id`, `from_user_id`, `to_user_id`, `body`, `created_at`) VALUES ('184', '302', '302', 'Nihil repudiandae aut voluptas eius illum sequi recusandae. Voluptatum beatae voluptatem hic consequatur culpa facilis. Odio quod rerum aut laboriosam qui. Et nihil et necessitatibus facere harum eaque sequi.', '2008-09-12 23:53:56');
INSERT INTO `messages` (`id`, `from_user_id`, `to_user_id`, `body`, `created_at`) VALUES ('185', '304', '304', 'Suscipit totam et eius ut est. Magnam ut ipsa laborum veritatis in nihil eligendi debitis. Et quae voluptatem reiciendis dolorum et sunt.', '1989-07-21 07:53:25');
INSERT INTO `messages` (`id`, `from_user_id`, `to_user_id`, `body`, `created_at`) VALUES ('186', '305', '305', 'Laborum numquam nam repellendus voluptatem. Voluptatum tempora et et amet. Ullam accusamus voluptas aut sint.', '2015-07-06 08:51:02');
INSERT INTO `messages` (`id`, `from_user_id`, `to_user_id`, `body`, `created_at`) VALUES ('187', '306', '306', 'Consequatur et ex quibusdam tempora harum. Eius qui nemo eum reprehenderit. Pariatur ullam quisquam voluptas. Nulla quia ratione inventore possimus rerum vel.', '1998-12-30 21:17:13');
INSERT INTO `messages` (`id`, `from_user_id`, `to_user_id`, `body`, `created_at`) VALUES ('188', '307', '307', 'Voluptatem et et vitae alias dolor repudiandae. Ab molestias magni itaque. Occaecati officia non perspiciatis ut excepturi illo.', '2015-07-21 17:05:21');
INSERT INTO `messages` (`id`, `from_user_id`, `to_user_id`, `body`, `created_at`) VALUES ('189', '308', '308', 'Error ratione fugit voluptas maiores sed sit et laborum. Facere sed impedit voluptatem laudantium. Occaecati accusamus perspiciatis est beatae aspernatur.', '1997-08-24 15:44:33');
INSERT INTO `messages` (`id`, `from_user_id`, `to_user_id`, `body`, `created_at`) VALUES ('190', '311', '311', 'Impedit exercitationem aliquam eveniet aperiam non. Ut est reprehenderit velit reiciendis eveniet cumque. Placeat eos quis ab vero reiciendis quia voluptatem placeat. Eum a eos cum rerum. Nihil voluptate quod magni quisquam.', '1984-04-08 00:44:55');
INSERT INTO `messages` (`id`, `from_user_id`, `to_user_id`, `body`, `created_at`) VALUES ('191', '314', '314', 'In nemo autem ratione. Qui occaecati voluptatum harum eveniet. Vel necessitatibus repellendus autem dolores.', '2004-11-29 03:59:30');
INSERT INTO `messages` (`id`, `from_user_id`, `to_user_id`, `body`, `created_at`) VALUES ('192', '315', '315', 'Voluptatem dolorum ut est ipsum quo. Quia ea voluptatem corporis distinctio harum qui. Possimus odio nobis dolorem sed. Similique et excepturi et officiis dolores veniam ut aperiam.', '2015-06-29 02:35:08');
INSERT INTO `messages` (`id`, `from_user_id`, `to_user_id`, `body`, `created_at`) VALUES ('193', '316', '316', 'Ut consequuntur nam quae non. Quia alias natus et. Harum voluptas ducimus corrupti. Debitis cum magnam omnis delectus unde.', '2001-12-24 11:29:00');
INSERT INTO `messages` (`id`, `from_user_id`, `to_user_id`, `body`, `created_at`) VALUES ('194', '317', '317', 'Dicta nemo aperiam ullam. Totam facere consequatur possimus omnis quidem exercitationem voluptatem voluptates. Esse porro quis esse doloremque.', '1982-04-25 05:53:09');
INSERT INTO `messages` (`id`, `from_user_id`, `to_user_id`, `body`, `created_at`) VALUES ('195', '318', '318', 'Aut omnis labore necessitatibus impedit et at. Modi aut repudiandae eius officia. Saepe excepturi quaerat ab numquam et facilis.', '2004-03-18 13:20:11');
INSERT INTO `messages` (`id`, `from_user_id`, `to_user_id`, `body`, `created_at`) VALUES ('196', '319', '319', 'Aut placeat accusamus asperiores velit cupiditate. Autem ex incidunt culpa qui. Autem exercitationem laborum est repudiandae consequatur suscipit nisi. Nulla quam voluptatem accusamus reprehenderit ratione eaque.', '2019-01-19 19:48:22');
INSERT INTO `messages` (`id`, `from_user_id`, `to_user_id`, `body`, `created_at`) VALUES ('197', '321', '321', 'Dignissimos ex officia occaecati eum expedita recusandae earum. Officia ipsa est voluptates deserunt consequatur.', '1991-02-23 12:57:44');
INSERT INTO `messages` (`id`, `from_user_id`, `to_user_id`, `body`, `created_at`) VALUES ('198', '325', '325', 'Quae a et qui omnis pariatur. Perspiciatis incidunt illum possimus nobis aut eos nihil. Officiis labore et est tempora vitae eveniet et sit. Distinctio maiores soluta commodi et facere.', '1978-10-03 10:04:07');
INSERT INTO `messages` (`id`, `from_user_id`, `to_user_id`, `body`, `created_at`) VALUES ('199', '326', '326', 'Dolorum delectus sed voluptates repudiandae eveniet. Ad voluptatem ut voluptatum quasi ea culpa dicta. Pariatur hic quasi consequatur voluptatem voluptas et nemo. Qui dolor deserunt nesciunt veniam est.', '1982-05-03 10:46:50');
INSERT INTO `messages` (`id`, `from_user_id`, `to_user_id`, `body`, `created_at`) VALUES ('200', '327', '327', 'Vero perspiciatis iure at assumenda. Sint voluptate id autem cupiditate autem. Aliquid atque laborum et quibusdam ratione.', '1999-11-04 11:18:58');


#
# TABLE STRUCTURE FOR: photo_albums
#

DROP TABLE IF EXISTS `photo_albums`;

CREATE TABLE `photo_albums` (
  `id` bigint(20) unsigned NOT NULL AUTO_INCREMENT,
  `name` varchar(255) COLLATE utf8mb4_unicode_ci DEFAULT NULL,
  `user_id` bigint(20) unsigned DEFAULT NULL,
  PRIMARY KEY (`id`),
  UNIQUE KEY `id` (`id`),
  KEY `user_id` (`user_id`),
  CONSTRAINT `photo_albums_ibfk_1` FOREIGN KEY (`user_id`) REFERENCES `users` (`id`)
) ENGINE=InnoDB AUTO_INCREMENT=201 DEFAULT CHARSET=utf8mb4 COLLATE=utf8mb4_unicode_ci;

INSERT INTO `photo_albums` (`id`, `name`, `user_id`) VALUES ('1', 'minima', '201');
INSERT INTO `photo_albums` (`id`, `name`, `user_id`) VALUES ('2', 'consequuntur', '202');
INSERT INTO `photo_albums` (`id`, `name`, `user_id`) VALUES ('3', 'voluptatum', '204');
INSERT INTO `photo_albums` (`id`, `name`, `user_id`) VALUES ('4', 'ut', '206');
INSERT INTO `photo_albums` (`id`, `name`, `user_id`) VALUES ('5', 'rerum', '208');
INSERT INTO `photo_albums` (`id`, `name`, `user_id`) VALUES ('6', 'et', '210');
INSERT INTO `photo_albums` (`id`, `name`, `user_id`) VALUES ('7', 'quod', '211');
INSERT INTO `photo_albums` (`id`, `name`, `user_id`) VALUES ('8', 'consectetur', '213');
INSERT INTO `photo_albums` (`id`, `name`, `user_id`) VALUES ('9', 'est', '214');
INSERT INTO `photo_albums` (`id`, `name`, `user_id`) VALUES ('10', 'labore', '217');
INSERT INTO `photo_albums` (`id`, `name`, `user_id`) VALUES ('11', 'nisi', '218');
INSERT INTO `photo_albums` (`id`, `name`, `user_id`) VALUES ('12', 'voluptatem', '220');
INSERT INTO `photo_albums` (`id`, `name`, `user_id`) VALUES ('13', 'ut', '223');
INSERT INTO `photo_albums` (`id`, `name`, `user_id`) VALUES ('14', 'quo', '224');
INSERT INTO `photo_albums` (`id`, `name`, `user_id`) VALUES ('15', 'dolorum', '226');
INSERT INTO `photo_albums` (`id`, `name`, `user_id`) VALUES ('16', 'omnis', '227');
INSERT INTO `photo_albums` (`id`, `name`, `user_id`) VALUES ('17', 'officiis', '228');
INSERT INTO `photo_albums` (`id`, `name`, `user_id`) VALUES ('18', 'qui', '229');
INSERT INTO `photo_albums` (`id`, `name`, `user_id`) VALUES ('19', 'et', '231');
INSERT INTO `photo_albums` (`id`, `name`, `user_id`) VALUES ('20', 'et', '233');
INSERT INTO `photo_albums` (`id`, `name`, `user_id`) VALUES ('21', 'modi', '234');
INSERT INTO `photo_albums` (`id`, `name`, `user_id`) VALUES ('22', 'vitae', '235');
INSERT INTO `photo_albums` (`id`, `name`, `user_id`) VALUES ('23', 'totam', '236');
INSERT INTO `photo_albums` (`id`, `name`, `user_id`) VALUES ('24', 'incidunt', '238');
INSERT INTO `photo_albums` (`id`, `name`, `user_id`) VALUES ('25', 'saepe', '239');
INSERT INTO `photo_albums` (`id`, `name`, `user_id`) VALUES ('26', 'ut', '241');
INSERT INTO `photo_albums` (`id`, `name`, `user_id`) VALUES ('27', 'omnis', '242');
INSERT INTO `photo_albums` (`id`, `name`, `user_id`) VALUES ('28', 'at', '244');
INSERT INTO `photo_albums` (`id`, `name`, `user_id`) VALUES ('29', 'accusamus', '245');
INSERT INTO `photo_albums` (`id`, `name`, `user_id`) VALUES ('30', 'quia', '246');
INSERT INTO `photo_albums` (`id`, `name`, `user_id`) VALUES ('31', 'pariatur', '248');
INSERT INTO `photo_albums` (`id`, `name`, `user_id`) VALUES ('32', 'quis', '249');
INSERT INTO `photo_albums` (`id`, `name`, `user_id`) VALUES ('33', 'et', '251');
INSERT INTO `photo_albums` (`id`, `name`, `user_id`) VALUES ('34', 'et', '253');
INSERT INTO `photo_albums` (`id`, `name`, `user_id`) VALUES ('35', 'ipsam', '254');
INSERT INTO `photo_albums` (`id`, `name`, `user_id`) VALUES ('36', 'dicta', '256');
INSERT INTO `photo_albums` (`id`, `name`, `user_id`) VALUES ('37', 'sit', '257');
INSERT INTO `photo_albums` (`id`, `name`, `user_id`) VALUES ('38', 'qui', '258');
INSERT INTO `photo_albums` (`id`, `name`, `user_id`) VALUES ('39', 'dolor', '259');
INSERT INTO `photo_albums` (`id`, `name`, `user_id`) VALUES ('40', 'nobis', '261');
INSERT INTO `photo_albums` (`id`, `name`, `user_id`) VALUES ('41', 'omnis', '262');
INSERT INTO `photo_albums` (`id`, `name`, `user_id`) VALUES ('42', 'voluptatem', '264');
INSERT INTO `photo_albums` (`id`, `name`, `user_id`) VALUES ('43', 'molestiae', '266');
INSERT INTO `photo_albums` (`id`, `name`, `user_id`) VALUES ('44', 'harum', '268');
INSERT INTO `photo_albums` (`id`, `name`, `user_id`) VALUES ('45', 'in', '269');
INSERT INTO `photo_albums` (`id`, `name`, `user_id`) VALUES ('46', 'doloremque', '270');
INSERT INTO `photo_albums` (`id`, `name`, `user_id`) VALUES ('47', 'totam', '271');
INSERT INTO `photo_albums` (`id`, `name`, `user_id`) VALUES ('48', 'velit', '272');
INSERT INTO `photo_albums` (`id`, `name`, `user_id`) VALUES ('49', 'quisquam', '274');
INSERT INTO `photo_albums` (`id`, `name`, `user_id`) VALUES ('50', 'porro', '275');
INSERT INTO `photo_albums` (`id`, `name`, `user_id`) VALUES ('51', 'velit', '279');
INSERT INTO `photo_albums` (`id`, `name`, `user_id`) VALUES ('52', 'reprehenderit', '280');
INSERT INTO `photo_albums` (`id`, `name`, `user_id`) VALUES ('53', 'ea', '281');
INSERT INTO `photo_albums` (`id`, `name`, `user_id`) VALUES ('54', 'eum', '285');
INSERT INTO `photo_albums` (`id`, `name`, `user_id`) VALUES ('55', 'cupiditate', '289');
INSERT INTO `photo_albums` (`id`, `name`, `user_id`) VALUES ('56', 'nulla', '292');
INSERT INTO `photo_albums` (`id`, `name`, `user_id`) VALUES ('57', 'odio', '294');
INSERT INTO `photo_albums` (`id`, `name`, `user_id`) VALUES ('58', 'sapiente', '295');
INSERT INTO `photo_albums` (`id`, `name`, `user_id`) VALUES ('59', 'harum', '296');
INSERT INTO `photo_albums` (`id`, `name`, `user_id`) VALUES ('60', 'voluptatem', '297');
INSERT INTO `photo_albums` (`id`, `name`, `user_id`) VALUES ('61', 'voluptatum', '298');
INSERT INTO `photo_albums` (`id`, `name`, `user_id`) VALUES ('62', 'quaerat', '299');
INSERT INTO `photo_albums` (`id`, `name`, `user_id`) VALUES ('63', 'quae', '300');
INSERT INTO `photo_albums` (`id`, `name`, `user_id`) VALUES ('64', 'dignissimos', '301');
INSERT INTO `photo_albums` (`id`, `name`, `user_id`) VALUES ('65', 'ut', '302');
INSERT INTO `photo_albums` (`id`, `name`, `user_id`) VALUES ('66', 'occaecati', '304');
INSERT INTO `photo_albums` (`id`, `name`, `user_id`) VALUES ('67', 'nostrum', '305');
INSERT INTO `photo_albums` (`id`, `name`, `user_id`) VALUES ('68', 'atque', '306');
INSERT INTO `photo_albums` (`id`, `name`, `user_id`) VALUES ('69', 'deserunt', '307');
INSERT INTO `photo_albums` (`id`, `name`, `user_id`) VALUES ('70', 'sit', '308');
INSERT INTO `photo_albums` (`id`, `name`, `user_id`) VALUES ('71', 'tempore', '311');
INSERT INTO `photo_albums` (`id`, `name`, `user_id`) VALUES ('72', 'ex', '314');
INSERT INTO `photo_albums` (`id`, `name`, `user_id`) VALUES ('73', 'voluptatibus', '315');
INSERT INTO `photo_albums` (`id`, `name`, `user_id`) VALUES ('74', 'culpa', '316');
INSERT INTO `photo_albums` (`id`, `name`, `user_id`) VALUES ('75', 'est', '317');
INSERT INTO `photo_albums` (`id`, `name`, `user_id`) VALUES ('76', 'aut', '318');
INSERT INTO `photo_albums` (`id`, `name`, `user_id`) VALUES ('77', 'quae', '319');
INSERT INTO `photo_albums` (`id`, `name`, `user_id`) VALUES ('78', 'quibusdam', '321');
INSERT INTO `photo_albums` (`id`, `name`, `user_id`) VALUES ('79', 'dolorem', '325');
INSERT INTO `photo_albums` (`id`, `name`, `user_id`) VALUES ('80', 'magnam', '326');
INSERT INTO `photo_albums` (`id`, `name`, `user_id`) VALUES ('81', 'dolores', '327');
INSERT INTO `photo_albums` (`id`, `name`, `user_id`) VALUES ('82', 'culpa', '329');
INSERT INTO `photo_albums` (`id`, `name`, `user_id`) VALUES ('83', 'alias', '336');
INSERT INTO `photo_albums` (`id`, `name`, `user_id`) VALUES ('84', 'ea', '337');
INSERT INTO `photo_albums` (`id`, `name`, `user_id`) VALUES ('85', 'maiores', '338');
INSERT INTO `photo_albums` (`id`, `name`, `user_id`) VALUES ('86', 'autem', '339');
INSERT INTO `photo_albums` (`id`, `name`, `user_id`) VALUES ('87', 'aspernatur', '340');
INSERT INTO `photo_albums` (`id`, `name`, `user_id`) VALUES ('88', 'eius', '341');
INSERT INTO `photo_albums` (`id`, `name`, `user_id`) VALUES ('89', 'optio', '343');
INSERT INTO `photo_albums` (`id`, `name`, `user_id`) VALUES ('90', 'et', '344');
INSERT INTO `photo_albums` (`id`, `name`, `user_id`) VALUES ('91', 'iste', '345');
INSERT INTO `photo_albums` (`id`, `name`, `user_id`) VALUES ('92', 'sed', '347');
INSERT INTO `photo_albums` (`id`, `name`, `user_id`) VALUES ('93', 'expedita', '348');
INSERT INTO `photo_albums` (`id`, `name`, `user_id`) VALUES ('94', 'ea', '350');
INSERT INTO `photo_albums` (`id`, `name`, `user_id`) VALUES ('95', 'vel', '351');
INSERT INTO `photo_albums` (`id`, `name`, `user_id`) VALUES ('96', 'ratione', '352');
INSERT INTO `photo_albums` (`id`, `name`, `user_id`) VALUES ('97', 'sit', '357');
INSERT INTO `photo_albums` (`id`, `name`, `user_id`) VALUES ('98', 'assumenda', '358');
INSERT INTO `photo_albums` (`id`, `name`, `user_id`) VALUES ('99', 'voluptates', '361');
INSERT INTO `photo_albums` (`id`, `name`, `user_id`) VALUES ('100', 'qui', '363');
INSERT INTO `photo_albums` (`id`, `name`, `user_id`) VALUES ('101', 'quis', '364');
INSERT INTO `photo_albums` (`id`, `name`, `user_id`) VALUES ('102', 'aut', '366');
INSERT INTO `photo_albums` (`id`, `name`, `user_id`) VALUES ('103', 'vel', '367');
INSERT INTO `photo_albums` (`id`, `name`, `user_id`) VALUES ('104', 'eum', '368');
INSERT INTO `photo_albums` (`id`, `name`, `user_id`) VALUES ('105', 'perferendis', '369');
INSERT INTO `photo_albums` (`id`, `name`, `user_id`) VALUES ('106', 'blanditiis', '372');
INSERT INTO `photo_albums` (`id`, `name`, `user_id`) VALUES ('107', 'veritatis', '373');
INSERT INTO `photo_albums` (`id`, `name`, `user_id`) VALUES ('108', 'aliquam', '375');
INSERT INTO `photo_albums` (`id`, `name`, `user_id`) VALUES ('109', 'corrupti', '378');
INSERT INTO `photo_albums` (`id`, `name`, `user_id`) VALUES ('110', 'debitis', '380');
INSERT INTO `photo_albums` (`id`, `name`, `user_id`) VALUES ('111', 'illo', '381');
INSERT INTO `photo_albums` (`id`, `name`, `user_id`) VALUES ('112', 'quo', '385');
INSERT INTO `photo_albums` (`id`, `name`, `user_id`) VALUES ('113', 'id', '386');
INSERT INTO `photo_albums` (`id`, `name`, `user_id`) VALUES ('114', 'nesciunt', '388');
INSERT INTO `photo_albums` (`id`, `name`, `user_id`) VALUES ('115', 'sed', '391');
INSERT INTO `photo_albums` (`id`, `name`, `user_id`) VALUES ('116', 'aperiam', '392');
INSERT INTO `photo_albums` (`id`, `name`, `user_id`) VALUES ('117', 'maiores', '393');
INSERT INTO `photo_albums` (`id`, `name`, `user_id`) VALUES ('118', 'dolore', '395');
INSERT INTO `photo_albums` (`id`, `name`, `user_id`) VALUES ('119', 'repudiandae', '396');
INSERT INTO `photo_albums` (`id`, `name`, `user_id`) VALUES ('120', 'temporibus', '201');
INSERT INTO `photo_albums` (`id`, `name`, `user_id`) VALUES ('121', 'cum', '202');
INSERT INTO `photo_albums` (`id`, `name`, `user_id`) VALUES ('122', 'adipisci', '204');
INSERT INTO `photo_albums` (`id`, `name`, `user_id`) VALUES ('123', 'voluptates', '206');
INSERT INTO `photo_albums` (`id`, `name`, `user_id`) VALUES ('124', 'officiis', '208');
INSERT INTO `photo_albums` (`id`, `name`, `user_id`) VALUES ('125', 'voluptates', '210');
INSERT INTO `photo_albums` (`id`, `name`, `user_id`) VALUES ('126', 'voluptatum', '211');
INSERT INTO `photo_albums` (`id`, `name`, `user_id`) VALUES ('127', 'et', '213');
INSERT INTO `photo_albums` (`id`, `name`, `user_id`) VALUES ('128', 'ducimus', '214');
INSERT INTO `photo_albums` (`id`, `name`, `user_id`) VALUES ('129', 'in', '217');
INSERT INTO `photo_albums` (`id`, `name`, `user_id`) VALUES ('130', 'deleniti', '218');
INSERT INTO `photo_albums` (`id`, `name`, `user_id`) VALUES ('131', 'voluptatem', '220');
INSERT INTO `photo_albums` (`id`, `name`, `user_id`) VALUES ('132', 'sed', '223');
INSERT INTO `photo_albums` (`id`, `name`, `user_id`) VALUES ('133', 'illo', '224');
INSERT INTO `photo_albums` (`id`, `name`, `user_id`) VALUES ('134', 'commodi', '226');
INSERT INTO `photo_albums` (`id`, `name`, `user_id`) VALUES ('135', 'minima', '227');
INSERT INTO `photo_albums` (`id`, `name`, `user_id`) VALUES ('136', 'consequatur', '228');
INSERT INTO `photo_albums` (`id`, `name`, `user_id`) VALUES ('137', 'ab', '229');
INSERT INTO `photo_albums` (`id`, `name`, `user_id`) VALUES ('138', 'labore', '231');
INSERT INTO `photo_albums` (`id`, `name`, `user_id`) VALUES ('139', 'quidem', '233');
INSERT INTO `photo_albums` (`id`, `name`, `user_id`) VALUES ('140', 'et', '234');
INSERT INTO `photo_albums` (`id`, `name`, `user_id`) VALUES ('141', 'ipsam', '235');
INSERT INTO `photo_albums` (`id`, `name`, `user_id`) VALUES ('142', 'non', '236');
INSERT INTO `photo_albums` (`id`, `name`, `user_id`) VALUES ('143', 'natus', '238');
INSERT INTO `photo_albums` (`id`, `name`, `user_id`) VALUES ('144', 'eaque', '239');
INSERT INTO `photo_albums` (`id`, `name`, `user_id`) VALUES ('145', 'ea', '241');
INSERT INTO `photo_albums` (`id`, `name`, `user_id`) VALUES ('146', 'quos', '242');
INSERT INTO `photo_albums` (`id`, `name`, `user_id`) VALUES ('147', 'accusamus', '244');
INSERT INTO `photo_albums` (`id`, `name`, `user_id`) VALUES ('148', 'exercitationem', '245');
INSERT INTO `photo_albums` (`id`, `name`, `user_id`) VALUES ('149', 'ipsam', '246');
INSERT INTO `photo_albums` (`id`, `name`, `user_id`) VALUES ('150', 'odio', '248');
INSERT INTO `photo_albums` (`id`, `name`, `user_id`) VALUES ('151', 'eos', '249');
INSERT INTO `photo_albums` (`id`, `name`, `user_id`) VALUES ('152', 'quo', '251');
INSERT INTO `photo_albums` (`id`, `name`, `user_id`) VALUES ('153', 'explicabo', '253');
INSERT INTO `photo_albums` (`id`, `name`, `user_id`) VALUES ('154', 'quidem', '254');
INSERT INTO `photo_albums` (`id`, `name`, `user_id`) VALUES ('155', 'et', '256');
INSERT INTO `photo_albums` (`id`, `name`, `user_id`) VALUES ('156', 'sed', '257');
INSERT INTO `photo_albums` (`id`, `name`, `user_id`) VALUES ('157', 'hic', '258');
INSERT INTO `photo_albums` (`id`, `name`, `user_id`) VALUES ('158', 'dolorem', '259');
INSERT INTO `photo_albums` (`id`, `name`, `user_id`) VALUES ('159', 'id', '261');
INSERT INTO `photo_albums` (`id`, `name`, `user_id`) VALUES ('160', 'magni', '262');
INSERT INTO `photo_albums` (`id`, `name`, `user_id`) VALUES ('161', 'temporibus', '264');
INSERT INTO `photo_albums` (`id`, `name`, `user_id`) VALUES ('162', 'tenetur', '266');
INSERT INTO `photo_albums` (`id`, `name`, `user_id`) VALUES ('163', 'temporibus', '268');
INSERT INTO `photo_albums` (`id`, `name`, `user_id`) VALUES ('164', 'omnis', '269');
INSERT INTO `photo_albums` (`id`, `name`, `user_id`) VALUES ('165', 'distinctio', '270');
INSERT INTO `photo_albums` (`id`, `name`, `user_id`) VALUES ('166', 'doloribus', '271');
INSERT INTO `photo_albums` (`id`, `name`, `user_id`) VALUES ('167', 'laborum', '272');
INSERT INTO `photo_albums` (`id`, `name`, `user_id`) VALUES ('168', 'et', '274');
INSERT INTO `photo_albums` (`id`, `name`, `user_id`) VALUES ('169', 'debitis', '275');
INSERT INTO `photo_albums` (`id`, `name`, `user_id`) VALUES ('170', 'nihil', '279');
INSERT INTO `photo_albums` (`id`, `name`, `user_id`) VALUES ('171', 'ducimus', '280');
INSERT INTO `photo_albums` (`id`, `name`, `user_id`) VALUES ('172', 'modi', '281');
INSERT INTO `photo_albums` (`id`, `name`, `user_id`) VALUES ('173', 'quo', '285');
INSERT INTO `photo_albums` (`id`, `name`, `user_id`) VALUES ('174', 'et', '289');
INSERT INTO `photo_albums` (`id`, `name`, `user_id`) VALUES ('175', 'illum', '292');
INSERT INTO `photo_albums` (`id`, `name`, `user_id`) VALUES ('176', 'voluptate', '294');
INSERT INTO `photo_albums` (`id`, `name`, `user_id`) VALUES ('177', 'ipsam', '295');
INSERT INTO `photo_albums` (`id`, `name`, `user_id`) VALUES ('178', 'ea', '296');
INSERT INTO `photo_albums` (`id`, `name`, `user_id`) VALUES ('179', 'corporis', '297');
INSERT INTO `photo_albums` (`id`, `name`, `user_id`) VALUES ('180', 'quidem', '298');
INSERT INTO `photo_albums` (`id`, `name`, `user_id`) VALUES ('181', 'minima', '299');
INSERT INTO `photo_albums` (`id`, `name`, `user_id`) VALUES ('182', 'porro', '300');
INSERT INTO `photo_albums` (`id`, `name`, `user_id`) VALUES ('183', 'esse', '301');
INSERT INTO `photo_albums` (`id`, `name`, `user_id`) VALUES ('184', 'molestiae', '302');
INSERT INTO `photo_albums` (`id`, `name`, `user_id`) VALUES ('185', 'omnis', '304');
INSERT INTO `photo_albums` (`id`, `name`, `user_id`) VALUES ('186', 'delectus', '305');
INSERT INTO `photo_albums` (`id`, `name`, `user_id`) VALUES ('187', 'ut', '306');
INSERT INTO `photo_albums` (`id`, `name`, `user_id`) VALUES ('188', 'est', '307');
INSERT INTO `photo_albums` (`id`, `name`, `user_id`) VALUES ('189', 'aut', '308');
INSERT INTO `photo_albums` (`id`, `name`, `user_id`) VALUES ('190', 'exercitationem', '311');
INSERT INTO `photo_albums` (`id`, `name`, `user_id`) VALUES ('191', 'dolorem', '314');
INSERT INTO `photo_albums` (`id`, `name`, `user_id`) VALUES ('192', 'ea', '315');
INSERT INTO `photo_albums` (`id`, `name`, `user_id`) VALUES ('193', 'esse', '316');
INSERT INTO `photo_albums` (`id`, `name`, `user_id`) VALUES ('194', 'neque', '317');
INSERT INTO `photo_albums` (`id`, `name`, `user_id`) VALUES ('195', 'qui', '318');
INSERT INTO `photo_albums` (`id`, `name`, `user_id`) VALUES ('196', 'aspernatur', '319');
INSERT INTO `photo_albums` (`id`, `name`, `user_id`) VALUES ('197', 'laboriosam', '321');
INSERT INTO `photo_albums` (`id`, `name`, `user_id`) VALUES ('198', 'quibusdam', '325');
INSERT INTO `photo_albums` (`id`, `name`, `user_id`) VALUES ('199', 'odit', '326');
INSERT INTO `photo_albums` (`id`, `name`, `user_id`) VALUES ('200', 'eveniet', '327');


#
# TABLE STRUCTURE FOR: photos
#

DROP TABLE IF EXISTS `photos`;

CREATE TABLE `photos` (
  `id` bigint(20) unsigned NOT NULL AUTO_INCREMENT,
  `album_id` bigint(20) unsigned DEFAULT NULL,
  `media_id` bigint(20) unsigned NOT NULL,
  UNIQUE KEY `id` (`id`),
  KEY `album_id` (`album_id`),
  KEY `media_id` (`media_id`),
  CONSTRAINT `photos_ibfk_1` FOREIGN KEY (`album_id`) REFERENCES `photo_albums` (`id`),
  CONSTRAINT `photos_ibfk_2` FOREIGN KEY (`media_id`) REFERENCES `media` (`id`)
) ENGINE=InnoDB AUTO_INCREMENT=201 DEFAULT CHARSET=utf8mb4 COLLATE=utf8mb4_unicode_ci;

INSERT INTO `photos` (`id`, `album_id`, `media_id`) VALUES ('1', '1', '1');
INSERT INTO `photos` (`id`, `album_id`, `media_id`) VALUES ('2', '2', '2');
INSERT INTO `photos` (`id`, `album_id`, `media_id`) VALUES ('3', '3', '3');
INSERT INTO `photos` (`id`, `album_id`, `media_id`) VALUES ('4', '4', '4');
INSERT INTO `photos` (`id`, `album_id`, `media_id`) VALUES ('5', '5', '5');
INSERT INTO `photos` (`id`, `album_id`, `media_id`) VALUES ('6', '6', '6');
INSERT INTO `photos` (`id`, `album_id`, `media_id`) VALUES ('7', '7', '7');
INSERT INTO `photos` (`id`, `album_id`, `media_id`) VALUES ('8', '8', '8');
INSERT INTO `photos` (`id`, `album_id`, `media_id`) VALUES ('9', '9', '9');
INSERT INTO `photos` (`id`, `album_id`, `media_id`) VALUES ('10', '10', '10');
INSERT INTO `photos` (`id`, `album_id`, `media_id`) VALUES ('11', '11', '11');
INSERT INTO `photos` (`id`, `album_id`, `media_id`) VALUES ('12', '12', '12');
INSERT INTO `photos` (`id`, `album_id`, `media_id`) VALUES ('13', '13', '13');
INSERT INTO `photos` (`id`, `album_id`, `media_id`) VALUES ('14', '14', '14');
INSERT INTO `photos` (`id`, `album_id`, `media_id`) VALUES ('15', '15', '15');
INSERT INTO `photos` (`id`, `album_id`, `media_id`) VALUES ('16', '16', '16');
INSERT INTO `photos` (`id`, `album_id`, `media_id`) VALUES ('17', '17', '17');
INSERT INTO `photos` (`id`, `album_id`, `media_id`) VALUES ('18', '18', '18');
INSERT INTO `photos` (`id`, `album_id`, `media_id`) VALUES ('19', '19', '19');
INSERT INTO `photos` (`id`, `album_id`, `media_id`) VALUES ('20', '20', '20');
INSERT INTO `photos` (`id`, `album_id`, `media_id`) VALUES ('21', '21', '21');
INSERT INTO `photos` (`id`, `album_id`, `media_id`) VALUES ('22', '22', '22');
INSERT INTO `photos` (`id`, `album_id`, `media_id`) VALUES ('23', '23', '23');
INSERT INTO `photos` (`id`, `album_id`, `media_id`) VALUES ('24', '24', '24');
INSERT INTO `photos` (`id`, `album_id`, `media_id`) VALUES ('25', '25', '25');
INSERT INTO `photos` (`id`, `album_id`, `media_id`) VALUES ('26', '26', '26');
INSERT INTO `photos` (`id`, `album_id`, `media_id`) VALUES ('27', '27', '27');
INSERT INTO `photos` (`id`, `album_id`, `media_id`) VALUES ('28', '28', '28');
INSERT INTO `photos` (`id`, `album_id`, `media_id`) VALUES ('29', '29', '29');
INSERT INTO `photos` (`id`, `album_id`, `media_id`) VALUES ('30', '30', '30');
INSERT INTO `photos` (`id`, `album_id`, `media_id`) VALUES ('31', '31', '31');
INSERT INTO `photos` (`id`, `album_id`, `media_id`) VALUES ('32', '32', '32');
INSERT INTO `photos` (`id`, `album_id`, `media_id`) VALUES ('33', '33', '33');
INSERT INTO `photos` (`id`, `album_id`, `media_id`) VALUES ('34', '34', '34');
INSERT INTO `photos` (`id`, `album_id`, `media_id`) VALUES ('35', '35', '35');
INSERT INTO `photos` (`id`, `album_id`, `media_id`) VALUES ('36', '36', '36');
INSERT INTO `photos` (`id`, `album_id`, `media_id`) VALUES ('37', '37', '37');
INSERT INTO `photos` (`id`, `album_id`, `media_id`) VALUES ('38', '38', '38');
INSERT INTO `photos` (`id`, `album_id`, `media_id`) VALUES ('39', '39', '39');
INSERT INTO `photos` (`id`, `album_id`, `media_id`) VALUES ('40', '40', '40');
INSERT INTO `photos` (`id`, `album_id`, `media_id`) VALUES ('41', '41', '41');
INSERT INTO `photos` (`id`, `album_id`, `media_id`) VALUES ('42', '42', '42');
INSERT INTO `photos` (`id`, `album_id`, `media_id`) VALUES ('43', '43', '43');
INSERT INTO `photos` (`id`, `album_id`, `media_id`) VALUES ('44', '44', '44');
INSERT INTO `photos` (`id`, `album_id`, `media_id`) VALUES ('45', '45', '45');
INSERT INTO `photos` (`id`, `album_id`, `media_id`) VALUES ('46', '46', '46');
INSERT INTO `photos` (`id`, `album_id`, `media_id`) VALUES ('47', '47', '47');
INSERT INTO `photos` (`id`, `album_id`, `media_id`) VALUES ('48', '48', '48');
INSERT INTO `photos` (`id`, `album_id`, `media_id`) VALUES ('49', '49', '49');
INSERT INTO `photos` (`id`, `album_id`, `media_id`) VALUES ('50', '50', '50');
INSERT INTO `photos` (`id`, `album_id`, `media_id`) VALUES ('51', '51', '51');
INSERT INTO `photos` (`id`, `album_id`, `media_id`) VALUES ('52', '52', '52');
INSERT INTO `photos` (`id`, `album_id`, `media_id`) VALUES ('53', '53', '53');
INSERT INTO `photos` (`id`, `album_id`, `media_id`) VALUES ('54', '54', '54');
INSERT INTO `photos` (`id`, `album_id`, `media_id`) VALUES ('55', '55', '55');
INSERT INTO `photos` (`id`, `album_id`, `media_id`) VALUES ('56', '56', '56');
INSERT INTO `photos` (`id`, `album_id`, `media_id`) VALUES ('57', '57', '57');
INSERT INTO `photos` (`id`, `album_id`, `media_id`) VALUES ('58', '58', '58');
INSERT INTO `photos` (`id`, `album_id`, `media_id`) VALUES ('59', '59', '59');
INSERT INTO `photos` (`id`, `album_id`, `media_id`) VALUES ('60', '60', '60');
INSERT INTO `photos` (`id`, `album_id`, `media_id`) VALUES ('61', '61', '61');
INSERT INTO `photos` (`id`, `album_id`, `media_id`) VALUES ('62', '62', '62');
INSERT INTO `photos` (`id`, `album_id`, `media_id`) VALUES ('63', '63', '63');
INSERT INTO `photos` (`id`, `album_id`, `media_id`) VALUES ('64', '64', '64');
INSERT INTO `photos` (`id`, `album_id`, `media_id`) VALUES ('65', '65', '65');
INSERT INTO `photos` (`id`, `album_id`, `media_id`) VALUES ('66', '66', '66');
INSERT INTO `photos` (`id`, `album_id`, `media_id`) VALUES ('67', '67', '67');
INSERT INTO `photos` (`id`, `album_id`, `media_id`) VALUES ('68', '68', '68');
INSERT INTO `photos` (`id`, `album_id`, `media_id`) VALUES ('69', '69', '69');
INSERT INTO `photos` (`id`, `album_id`, `media_id`) VALUES ('70', '70', '70');
INSERT INTO `photos` (`id`, `album_id`, `media_id`) VALUES ('71', '71', '71');
INSERT INTO `photos` (`id`, `album_id`, `media_id`) VALUES ('72', '72', '72');
INSERT INTO `photos` (`id`, `album_id`, `media_id`) VALUES ('73', '73', '73');
INSERT INTO `photos` (`id`, `album_id`, `media_id`) VALUES ('74', '74', '74');
INSERT INTO `photos` (`id`, `album_id`, `media_id`) VALUES ('75', '75', '75');
INSERT INTO `photos` (`id`, `album_id`, `media_id`) VALUES ('76', '76', '76');
INSERT INTO `photos` (`id`, `album_id`, `media_id`) VALUES ('77', '77', '77');
INSERT INTO `photos` (`id`, `album_id`, `media_id`) VALUES ('78', '78', '78');
INSERT INTO `photos` (`id`, `album_id`, `media_id`) VALUES ('79', '79', '79');
INSERT INTO `photos` (`id`, `album_id`, `media_id`) VALUES ('80', '80', '80');
INSERT INTO `photos` (`id`, `album_id`, `media_id`) VALUES ('81', '81', '81');
INSERT INTO `photos` (`id`, `album_id`, `media_id`) VALUES ('82', '82', '82');
INSERT INTO `photos` (`id`, `album_id`, `media_id`) VALUES ('83', '83', '83');
INSERT INTO `photos` (`id`, `album_id`, `media_id`) VALUES ('84', '84', '84');
INSERT INTO `photos` (`id`, `album_id`, `media_id`) VALUES ('85', '85', '85');
INSERT INTO `photos` (`id`, `album_id`, `media_id`) VALUES ('86', '86', '86');
INSERT INTO `photos` (`id`, `album_id`, `media_id`) VALUES ('87', '87', '87');
INSERT INTO `photos` (`id`, `album_id`, `media_id`) VALUES ('88', '88', '88');
INSERT INTO `photos` (`id`, `album_id`, `media_id`) VALUES ('89', '89', '89');
INSERT INTO `photos` (`id`, `album_id`, `media_id`) VALUES ('90', '90', '90');
INSERT INTO `photos` (`id`, `album_id`, `media_id`) VALUES ('91', '91', '91');
INSERT INTO `photos` (`id`, `album_id`, `media_id`) VALUES ('92', '92', '92');
INSERT INTO `photos` (`id`, `album_id`, `media_id`) VALUES ('93', '93', '93');
INSERT INTO `photos` (`id`, `album_id`, `media_id`) VALUES ('94', '94', '94');
INSERT INTO `photos` (`id`, `album_id`, `media_id`) VALUES ('95', '95', '95');
INSERT INTO `photos` (`id`, `album_id`, `media_id`) VALUES ('96', '96', '96');
INSERT INTO `photos` (`id`, `album_id`, `media_id`) VALUES ('97', '97', '97');
INSERT INTO `photos` (`id`, `album_id`, `media_id`) VALUES ('98', '98', '98');
INSERT INTO `photos` (`id`, `album_id`, `media_id`) VALUES ('99', '99', '99');
INSERT INTO `photos` (`id`, `album_id`, `media_id`) VALUES ('100', '100', '100');
INSERT INTO `photos` (`id`, `album_id`, `media_id`) VALUES ('101', '101', '101');
INSERT INTO `photos` (`id`, `album_id`, `media_id`) VALUES ('102', '102', '102');
INSERT INTO `photos` (`id`, `album_id`, `media_id`) VALUES ('103', '103', '103');
INSERT INTO `photos` (`id`, `album_id`, `media_id`) VALUES ('104', '104', '104');
INSERT INTO `photos` (`id`, `album_id`, `media_id`) VALUES ('105', '105', '105');
INSERT INTO `photos` (`id`, `album_id`, `media_id`) VALUES ('106', '106', '106');
INSERT INTO `photos` (`id`, `album_id`, `media_id`) VALUES ('107', '107', '107');
INSERT INTO `photos` (`id`, `album_id`, `media_id`) VALUES ('108', '108', '108');
INSERT INTO `photos` (`id`, `album_id`, `media_id`) VALUES ('109', '109', '109');
INSERT INTO `photos` (`id`, `album_id`, `media_id`) VALUES ('110', '110', '110');
INSERT INTO `photos` (`id`, `album_id`, `media_id`) VALUES ('111', '111', '111');
INSERT INTO `photos` (`id`, `album_id`, `media_id`) VALUES ('112', '112', '112');
INSERT INTO `photos` (`id`, `album_id`, `media_id`) VALUES ('113', '113', '113');
INSERT INTO `photos` (`id`, `album_id`, `media_id`) VALUES ('114', '114', '114');
INSERT INTO `photos` (`id`, `album_id`, `media_id`) VALUES ('115', '115', '115');
INSERT INTO `photos` (`id`, `album_id`, `media_id`) VALUES ('116', '116', '116');
INSERT INTO `photos` (`id`, `album_id`, `media_id`) VALUES ('117', '117', '117');
INSERT INTO `photos` (`id`, `album_id`, `media_id`) VALUES ('118', '118', '118');
INSERT INTO `photos` (`id`, `album_id`, `media_id`) VALUES ('119', '119', '119');
INSERT INTO `photos` (`id`, `album_id`, `media_id`) VALUES ('120', '120', '120');
INSERT INTO `photos` (`id`, `album_id`, `media_id`) VALUES ('121', '121', '121');
INSERT INTO `photos` (`id`, `album_id`, `media_id`) VALUES ('122', '122', '122');
INSERT INTO `photos` (`id`, `album_id`, `media_id`) VALUES ('123', '123', '123');
INSERT INTO `photos` (`id`, `album_id`, `media_id`) VALUES ('124', '124', '124');
INSERT INTO `photos` (`id`, `album_id`, `media_id`) VALUES ('125', '125', '125');
INSERT INTO `photos` (`id`, `album_id`, `media_id`) VALUES ('126', '126', '126');
INSERT INTO `photos` (`id`, `album_id`, `media_id`) VALUES ('127', '127', '127');
INSERT INTO `photos` (`id`, `album_id`, `media_id`) VALUES ('128', '128', '128');
INSERT INTO `photos` (`id`, `album_id`, `media_id`) VALUES ('129', '129', '129');
INSERT INTO `photos` (`id`, `album_id`, `media_id`) VALUES ('130', '130', '130');
INSERT INTO `photos` (`id`, `album_id`, `media_id`) VALUES ('131', '131', '131');
INSERT INTO `photos` (`id`, `album_id`, `media_id`) VALUES ('132', '132', '132');
INSERT INTO `photos` (`id`, `album_id`, `media_id`) VALUES ('133', '133', '133');
INSERT INTO `photos` (`id`, `album_id`, `media_id`) VALUES ('134', '134', '134');
INSERT INTO `photos` (`id`, `album_id`, `media_id`) VALUES ('135', '135', '135');
INSERT INTO `photos` (`id`, `album_id`, `media_id`) VALUES ('136', '136', '136');
INSERT INTO `photos` (`id`, `album_id`, `media_id`) VALUES ('137', '137', '137');
INSERT INTO `photos` (`id`, `album_id`, `media_id`) VALUES ('138', '138', '138');
INSERT INTO `photos` (`id`, `album_id`, `media_id`) VALUES ('139', '139', '139');
INSERT INTO `photos` (`id`, `album_id`, `media_id`) VALUES ('140', '140', '140');
INSERT INTO `photos` (`id`, `album_id`, `media_id`) VALUES ('141', '141', '141');
INSERT INTO `photos` (`id`, `album_id`, `media_id`) VALUES ('142', '142', '142');
INSERT INTO `photos` (`id`, `album_id`, `media_id`) VALUES ('143', '143', '143');
INSERT INTO `photos` (`id`, `album_id`, `media_id`) VALUES ('144', '144', '144');
INSERT INTO `photos` (`id`, `album_id`, `media_id`) VALUES ('145', '145', '145');
INSERT INTO `photos` (`id`, `album_id`, `media_id`) VALUES ('146', '146', '146');
INSERT INTO `photos` (`id`, `album_id`, `media_id`) VALUES ('147', '147', '147');
INSERT INTO `photos` (`id`, `album_id`, `media_id`) VALUES ('148', '148', '148');
INSERT INTO `photos` (`id`, `album_id`, `media_id`) VALUES ('149', '149', '149');
INSERT INTO `photos` (`id`, `album_id`, `media_id`) VALUES ('150', '150', '150');
INSERT INTO `photos` (`id`, `album_id`, `media_id`) VALUES ('151', '151', '151');
INSERT INTO `photos` (`id`, `album_id`, `media_id`) VALUES ('152', '152', '152');
INSERT INTO `photos` (`id`, `album_id`, `media_id`) VALUES ('153', '153', '153');
INSERT INTO `photos` (`id`, `album_id`, `media_id`) VALUES ('154', '154', '154');
INSERT INTO `photos` (`id`, `album_id`, `media_id`) VALUES ('155', '155', '155');
INSERT INTO `photos` (`id`, `album_id`, `media_id`) VALUES ('156', '156', '156');
INSERT INTO `photos` (`id`, `album_id`, `media_id`) VALUES ('157', '157', '157');
INSERT INTO `photos` (`id`, `album_id`, `media_id`) VALUES ('158', '158', '158');
INSERT INTO `photos` (`id`, `album_id`, `media_id`) VALUES ('159', '159', '159');
INSERT INTO `photos` (`id`, `album_id`, `media_id`) VALUES ('160', '160', '160');
INSERT INTO `photos` (`id`, `album_id`, `media_id`) VALUES ('161', '161', '161');
INSERT INTO `photos` (`id`, `album_id`, `media_id`) VALUES ('162', '162', '162');
INSERT INTO `photos` (`id`, `album_id`, `media_id`) VALUES ('163', '163', '163');
INSERT INTO `photos` (`id`, `album_id`, `media_id`) VALUES ('164', '164', '164');
INSERT INTO `photos` (`id`, `album_id`, `media_id`) VALUES ('165', '165', '165');
INSERT INTO `photos` (`id`, `album_id`, `media_id`) VALUES ('166', '166', '166');
INSERT INTO `photos` (`id`, `album_id`, `media_id`) VALUES ('167', '167', '167');
INSERT INTO `photos` (`id`, `album_id`, `media_id`) VALUES ('168', '168', '168');
INSERT INTO `photos` (`id`, `album_id`, `media_id`) VALUES ('169', '169', '169');
INSERT INTO `photos` (`id`, `album_id`, `media_id`) VALUES ('170', '170', '170');
INSERT INTO `photos` (`id`, `album_id`, `media_id`) VALUES ('171', '171', '171');
INSERT INTO `photos` (`id`, `album_id`, `media_id`) VALUES ('172', '172', '172');
INSERT INTO `photos` (`id`, `album_id`, `media_id`) VALUES ('173', '173', '173');
INSERT INTO `photos` (`id`, `album_id`, `media_id`) VALUES ('174', '174', '174');
INSERT INTO `photos` (`id`, `album_id`, `media_id`) VALUES ('175', '175', '175');
INSERT INTO `photos` (`id`, `album_id`, `media_id`) VALUES ('176', '176', '176');
INSERT INTO `photos` (`id`, `album_id`, `media_id`) VALUES ('177', '177', '177');
INSERT INTO `photos` (`id`, `album_id`, `media_id`) VALUES ('178', '178', '178');
INSERT INTO `photos` (`id`, `album_id`, `media_id`) VALUES ('179', '179', '179');
INSERT INTO `photos` (`id`, `album_id`, `media_id`) VALUES ('180', '180', '180');
INSERT INTO `photos` (`id`, `album_id`, `media_id`) VALUES ('181', '181', '181');
INSERT INTO `photos` (`id`, `album_id`, `media_id`) VALUES ('182', '182', '182');
INSERT INTO `photos` (`id`, `album_id`, `media_id`) VALUES ('183', '183', '183');
INSERT INTO `photos` (`id`, `album_id`, `media_id`) VALUES ('184', '184', '184');
INSERT INTO `photos` (`id`, `album_id`, `media_id`) VALUES ('185', '185', '185');
INSERT INTO `photos` (`id`, `album_id`, `media_id`) VALUES ('186', '186', '186');
INSERT INTO `photos` (`id`, `album_id`, `media_id`) VALUES ('187', '187', '187');
INSERT INTO `photos` (`id`, `album_id`, `media_id`) VALUES ('188', '188', '188');
INSERT INTO `photos` (`id`, `album_id`, `media_id`) VALUES ('189', '189', '189');
INSERT INTO `photos` (`id`, `album_id`, `media_id`) VALUES ('190', '190', '190');
INSERT INTO `photos` (`id`, `album_id`, `media_id`) VALUES ('191', '191', '191');
INSERT INTO `photos` (`id`, `album_id`, `media_id`) VALUES ('192', '192', '192');
INSERT INTO `photos` (`id`, `album_id`, `media_id`) VALUES ('193', '193', '193');
INSERT INTO `photos` (`id`, `album_id`, `media_id`) VALUES ('194', '194', '194');
INSERT INTO `photos` (`id`, `album_id`, `media_id`) VALUES ('195', '195', '195');
INSERT INTO `photos` (`id`, `album_id`, `media_id`) VALUES ('196', '196', '196');
INSERT INTO `photos` (`id`, `album_id`, `media_id`) VALUES ('197', '197', '197');
INSERT INTO `photos` (`id`, `album_id`, `media_id`) VALUES ('198', '198', '198');
INSERT INTO `photos` (`id`, `album_id`, `media_id`) VALUES ('199', '199', '199');
INSERT INTO `photos` (`id`, `album_id`, `media_id`) VALUES ('200', '200', '200');


#
# TABLE STRUCTURE FOR: profiles
#

DROP TABLE IF EXISTS `profiles`;

CREATE TABLE `profiles` (
  `user_id` bigint(20) unsigned NOT NULL,
  `gender` char(1) COLLATE utf8mb4_unicode_ci DEFAULT NULL,
  `birthday` date DEFAULT NULL,
  `photo_id` bigint(20) unsigned DEFAULT NULL,
  `created_at` datetime DEFAULT current_timestamp(),
  `hometown` varchar(100) COLLATE utf8mb4_unicode_ci DEFAULT NULL,
  UNIQUE KEY `user_id` (`user_id`),
  KEY `profiles_fk_1` (`photo_id`),
  CONSTRAINT `fk_user_id` FOREIGN KEY (`user_id`) REFERENCES `users` (`id`) ON DELETE NO ACTION ON UPDATE CASCADE,
  CONSTRAINT `profiles_fk_1` FOREIGN KEY (`photo_id`) REFERENCES `media` (`id`)
) ENGINE=InnoDB DEFAULT CHARSET=utf8mb4 COLLATE=utf8mb4_unicode_ci;

INSERT INTO `profiles` (`user_id`, `gender`, `birthday`, `photo_id`, `created_at`, `hometown`) VALUES ('201', NULL, '2004-06-07', '1', '1990-06-27 06:12:02', NULL);
INSERT INTO `profiles` (`user_id`, `gender`, `birthday`, `photo_id`, `created_at`, `hometown`) VALUES ('202', NULL, '2012-04-09', '2', '1997-05-16 18:59:48', NULL);
INSERT INTO `profiles` (`user_id`, `gender`, `birthday`, `photo_id`, `created_at`, `hometown`) VALUES ('204', NULL, '1986-12-05', '3', '1998-06-22 02:08:47', NULL);
INSERT INTO `profiles` (`user_id`, `gender`, `birthday`, `photo_id`, `created_at`, `hometown`) VALUES ('206', NULL, '1995-08-11', '4', '2012-02-07 04:46:58', NULL);
INSERT INTO `profiles` (`user_id`, `gender`, `birthday`, `photo_id`, `created_at`, `hometown`) VALUES ('208', NULL, '2001-02-06', '5', '1970-10-17 12:58:46', NULL);
INSERT INTO `profiles` (`user_id`, `gender`, `birthday`, `photo_id`, `created_at`, `hometown`) VALUES ('210', NULL, '1996-10-15', '6', '2020-08-15 16:33:04', NULL);
INSERT INTO `profiles` (`user_id`, `gender`, `birthday`, `photo_id`, `created_at`, `hometown`) VALUES ('211', NULL, '1973-10-30', '7', '1981-08-28 01:19:50', NULL);
INSERT INTO `profiles` (`user_id`, `gender`, `birthday`, `photo_id`, `created_at`, `hometown`) VALUES ('213', NULL, '1985-08-07', '8', '1979-07-01 12:20:44', NULL);
INSERT INTO `profiles` (`user_id`, `gender`, `birthday`, `photo_id`, `created_at`, `hometown`) VALUES ('214', NULL, '2003-02-01', '9', '1991-11-24 18:28:51', NULL);
INSERT INTO `profiles` (`user_id`, `gender`, `birthday`, `photo_id`, `created_at`, `hometown`) VALUES ('217', NULL, '1989-09-08', '10', '2002-10-31 19:52:24', NULL);
INSERT INTO `profiles` (`user_id`, `gender`, `birthday`, `photo_id`, `created_at`, `hometown`) VALUES ('218', NULL, '2015-01-24', '11', '2001-11-04 04:22:15', NULL);
INSERT INTO `profiles` (`user_id`, `gender`, `birthday`, `photo_id`, `created_at`, `hometown`) VALUES ('220', NULL, '2013-02-20', '12', '1996-10-15 09:00:39', NULL);
INSERT INTO `profiles` (`user_id`, `gender`, `birthday`, `photo_id`, `created_at`, `hometown`) VALUES ('223', NULL, '2007-09-03', '13', '1998-07-21 02:25:53', NULL);
INSERT INTO `profiles` (`user_id`, `gender`, `birthday`, `photo_id`, `created_at`, `hometown`) VALUES ('224', NULL, '1990-05-17', '14', '2015-10-20 15:00:08', NULL);
INSERT INTO `profiles` (`user_id`, `gender`, `birthday`, `photo_id`, `created_at`, `hometown`) VALUES ('226', NULL, '1971-05-11', '15', '1978-02-08 04:54:39', NULL);
INSERT INTO `profiles` (`user_id`, `gender`, `birthday`, `photo_id`, `created_at`, `hometown`) VALUES ('227', NULL, '1994-10-28', '16', '2010-08-31 00:33:33', NULL);
INSERT INTO `profiles` (`user_id`, `gender`, `birthday`, `photo_id`, `created_at`, `hometown`) VALUES ('228', NULL, '2000-05-27', '17', '2002-04-15 01:42:29', NULL);
INSERT INTO `profiles` (`user_id`, `gender`, `birthday`, `photo_id`, `created_at`, `hometown`) VALUES ('229', NULL, '1986-09-28', '18', '2000-12-31 07:58:35', NULL);
INSERT INTO `profiles` (`user_id`, `gender`, `birthday`, `photo_id`, `created_at`, `hometown`) VALUES ('231', NULL, '1997-09-21', '19', '1995-12-31 06:30:47', NULL);
INSERT INTO `profiles` (`user_id`, `gender`, `birthday`, `photo_id`, `created_at`, `hometown`) VALUES ('233', NULL, '2020-08-22', '20', '1998-09-03 22:53:30', NULL);
INSERT INTO `profiles` (`user_id`, `gender`, `birthday`, `photo_id`, `created_at`, `hometown`) VALUES ('234', NULL, '2020-07-06', '21', '1976-05-03 14:28:38', NULL);
INSERT INTO `profiles` (`user_id`, `gender`, `birthday`, `photo_id`, `created_at`, `hometown`) VALUES ('235', NULL, '1986-03-12', '22', '2008-07-07 03:06:53', NULL);
INSERT INTO `profiles` (`user_id`, `gender`, `birthday`, `photo_id`, `created_at`, `hometown`) VALUES ('236', NULL, '1983-07-23', '23', '2003-01-10 18:32:52', NULL);
INSERT INTO `profiles` (`user_id`, `gender`, `birthday`, `photo_id`, `created_at`, `hometown`) VALUES ('238', NULL, '2018-12-10', '24', '1994-06-08 07:34:38', NULL);
INSERT INTO `profiles` (`user_id`, `gender`, `birthday`, `photo_id`, `created_at`, `hometown`) VALUES ('239', NULL, '1975-04-09', '25', '1987-05-28 23:17:33', NULL);
INSERT INTO `profiles` (`user_id`, `gender`, `birthday`, `photo_id`, `created_at`, `hometown`) VALUES ('241', NULL, '2018-05-07', '26', '1986-04-04 03:18:24', NULL);
INSERT INTO `profiles` (`user_id`, `gender`, `birthday`, `photo_id`, `created_at`, `hometown`) VALUES ('242', NULL, '1989-01-27', '27', '1979-01-14 17:58:14', NULL);
INSERT INTO `profiles` (`user_id`, `gender`, `birthday`, `photo_id`, `created_at`, `hometown`) VALUES ('244', NULL, '2011-08-15', '28', '1979-09-05 15:27:06', NULL);
INSERT INTO `profiles` (`user_id`, `gender`, `birthday`, `photo_id`, `created_at`, `hometown`) VALUES ('245', NULL, '2008-09-29', '29', '1972-08-29 13:55:10', NULL);
INSERT INTO `profiles` (`user_id`, `gender`, `birthday`, `photo_id`, `created_at`, `hometown`) VALUES ('246', NULL, '1974-02-23', '30', '1999-09-25 07:50:23', NULL);
INSERT INTO `profiles` (`user_id`, `gender`, `birthday`, `photo_id`, `created_at`, `hometown`) VALUES ('248', NULL, '1989-08-27', '31', '2006-04-16 02:43:05', NULL);
INSERT INTO `profiles` (`user_id`, `gender`, `birthday`, `photo_id`, `created_at`, `hometown`) VALUES ('249', NULL, '2017-02-25', '32', '2005-08-12 15:53:28', NULL);
INSERT INTO `profiles` (`user_id`, `gender`, `birthday`, `photo_id`, `created_at`, `hometown`) VALUES ('251', NULL, '1985-10-01', '33', '1994-02-19 09:31:08', NULL);
INSERT INTO `profiles` (`user_id`, `gender`, `birthday`, `photo_id`, `created_at`, `hometown`) VALUES ('253', NULL, '1979-12-30', '34', '2012-03-08 18:27:14', NULL);
INSERT INTO `profiles` (`user_id`, `gender`, `birthday`, `photo_id`, `created_at`, `hometown`) VALUES ('254', NULL, '1976-03-05', '35', '2001-05-19 00:56:36', NULL);
INSERT INTO `profiles` (`user_id`, `gender`, `birthday`, `photo_id`, `created_at`, `hometown`) VALUES ('256', NULL, '1997-06-13', '36', '1993-09-15 02:27:50', NULL);
INSERT INTO `profiles` (`user_id`, `gender`, `birthday`, `photo_id`, `created_at`, `hometown`) VALUES ('257', NULL, '1991-04-24', '37', '1974-03-20 16:45:29', NULL);
INSERT INTO `profiles` (`user_id`, `gender`, `birthday`, `photo_id`, `created_at`, `hometown`) VALUES ('258', NULL, '1987-07-02', '38', '1988-01-07 05:55:17', NULL);
INSERT INTO `profiles` (`user_id`, `gender`, `birthday`, `photo_id`, `created_at`, `hometown`) VALUES ('259', NULL, '1971-09-08', '39', '1990-01-09 08:58:39', NULL);
INSERT INTO `profiles` (`user_id`, `gender`, `birthday`, `photo_id`, `created_at`, `hometown`) VALUES ('261', NULL, '1974-11-30', '40', '2019-02-17 13:35:09', NULL);
INSERT INTO `profiles` (`user_id`, `gender`, `birthday`, `photo_id`, `created_at`, `hometown`) VALUES ('262', NULL, '2001-09-20', '41', '1995-07-23 01:38:08', NULL);
INSERT INTO `profiles` (`user_id`, `gender`, `birthday`, `photo_id`, `created_at`, `hometown`) VALUES ('264', NULL, '2020-02-19', '42', '1977-06-24 01:18:53', NULL);
INSERT INTO `profiles` (`user_id`, `gender`, `birthday`, `photo_id`, `created_at`, `hometown`) VALUES ('266', NULL, '1992-08-04', '43', '2005-05-09 15:11:16', NULL);
INSERT INTO `profiles` (`user_id`, `gender`, `birthday`, `photo_id`, `created_at`, `hometown`) VALUES ('268', NULL, '2014-08-09', '44', '2020-07-27 05:00:26', NULL);
INSERT INTO `profiles` (`user_id`, `gender`, `birthday`, `photo_id`, `created_at`, `hometown`) VALUES ('269', NULL, '1993-12-20', '45', '1981-03-24 23:16:37', NULL);
INSERT INTO `profiles` (`user_id`, `gender`, `birthday`, `photo_id`, `created_at`, `hometown`) VALUES ('270', NULL, '2007-07-23', '46', '2000-05-18 09:18:17', NULL);
INSERT INTO `profiles` (`user_id`, `gender`, `birthday`, `photo_id`, `created_at`, `hometown`) VALUES ('271', NULL, '1980-02-04', '47', '2021-01-31 08:29:19', NULL);
INSERT INTO `profiles` (`user_id`, `gender`, `birthday`, `photo_id`, `created_at`, `hometown`) VALUES ('272', NULL, '1974-05-24', '48', '2016-08-15 15:57:30', NULL);
INSERT INTO `profiles` (`user_id`, `gender`, `birthday`, `photo_id`, `created_at`, `hometown`) VALUES ('274', NULL, '1988-11-06', '49', '1987-04-15 10:43:32', NULL);
INSERT INTO `profiles` (`user_id`, `gender`, `birthday`, `photo_id`, `created_at`, `hometown`) VALUES ('275', NULL, '1995-11-07', '50', '2006-03-11 21:09:33', NULL);
INSERT INTO `profiles` (`user_id`, `gender`, `birthday`, `photo_id`, `created_at`, `hometown`) VALUES ('279', NULL, '2003-10-04', '51', '2011-03-16 11:44:00', NULL);
INSERT INTO `profiles` (`user_id`, `gender`, `birthday`, `photo_id`, `created_at`, `hometown`) VALUES ('280', NULL, '1979-09-18', '52', '1971-09-02 17:43:16', NULL);
INSERT INTO `profiles` (`user_id`, `gender`, `birthday`, `photo_id`, `created_at`, `hometown`) VALUES ('281', NULL, '2019-07-13', '53', '1994-07-24 04:05:22', NULL);
INSERT INTO `profiles` (`user_id`, `gender`, `birthday`, `photo_id`, `created_at`, `hometown`) VALUES ('285', NULL, '1976-10-27', '54', '2019-01-27 18:45:19', NULL);
INSERT INTO `profiles` (`user_id`, `gender`, `birthday`, `photo_id`, `created_at`, `hometown`) VALUES ('289', NULL, '1978-04-20', '55', '2009-05-14 17:57:59', NULL);
INSERT INTO `profiles` (`user_id`, `gender`, `birthday`, `photo_id`, `created_at`, `hometown`) VALUES ('292', NULL, '2008-08-26', '56', '1979-09-08 12:36:41', NULL);
INSERT INTO `profiles` (`user_id`, `gender`, `birthday`, `photo_id`, `created_at`, `hometown`) VALUES ('294', NULL, '2004-08-27', '57', '1995-06-24 01:53:17', NULL);
INSERT INTO `profiles` (`user_id`, `gender`, `birthday`, `photo_id`, `created_at`, `hometown`) VALUES ('295', NULL, '2020-07-27', '58', '1979-01-25 01:36:55', NULL);
INSERT INTO `profiles` (`user_id`, `gender`, `birthday`, `photo_id`, `created_at`, `hometown`) VALUES ('296', NULL, '2005-10-30', '59', '1972-08-10 16:55:17', NULL);
INSERT INTO `profiles` (`user_id`, `gender`, `birthday`, `photo_id`, `created_at`, `hometown`) VALUES ('297', NULL, '2007-10-28', '60', '2017-08-30 01:32:59', NULL);
INSERT INTO `profiles` (`user_id`, `gender`, `birthday`, `photo_id`, `created_at`, `hometown`) VALUES ('298', NULL, '1995-02-10', '61', '2008-02-05 01:36:37', NULL);
INSERT INTO `profiles` (`user_id`, `gender`, `birthday`, `photo_id`, `created_at`, `hometown`) VALUES ('299', NULL, '1992-03-27', '62', '1981-01-04 08:10:16', NULL);
INSERT INTO `profiles` (`user_id`, `gender`, `birthday`, `photo_id`, `created_at`, `hometown`) VALUES ('300', NULL, '2009-02-14', '63', '1975-10-15 15:44:43', NULL);
INSERT INTO `profiles` (`user_id`, `gender`, `birthday`, `photo_id`, `created_at`, `hometown`) VALUES ('301', NULL, '1993-07-05', '64', '2007-06-24 18:39:57', NULL);
INSERT INTO `profiles` (`user_id`, `gender`, `birthday`, `photo_id`, `created_at`, `hometown`) VALUES ('302', NULL, '2016-09-11', '65', '1981-05-31 14:07:18', NULL);
INSERT INTO `profiles` (`user_id`, `gender`, `birthday`, `photo_id`, `created_at`, `hometown`) VALUES ('304', NULL, '2007-04-07', '66', '1992-04-02 06:22:32', NULL);
INSERT INTO `profiles` (`user_id`, `gender`, `birthday`, `photo_id`, `created_at`, `hometown`) VALUES ('305', NULL, '2011-11-17', '67', '2007-02-01 04:06:21', NULL);
INSERT INTO `profiles` (`user_id`, `gender`, `birthday`, `photo_id`, `created_at`, `hometown`) VALUES ('306', NULL, '2006-01-01', '68', '1977-09-22 18:58:13', NULL);
INSERT INTO `profiles` (`user_id`, `gender`, `birthday`, `photo_id`, `created_at`, `hometown`) VALUES ('307', NULL, '1992-12-22', '69', '1985-02-14 12:54:27', NULL);
INSERT INTO `profiles` (`user_id`, `gender`, `birthday`, `photo_id`, `created_at`, `hometown`) VALUES ('308', NULL, '1996-04-19', '70', '2006-06-16 14:58:32', NULL);
INSERT INTO `profiles` (`user_id`, `gender`, `birthday`, `photo_id`, `created_at`, `hometown`) VALUES ('311', NULL, '2013-09-18', '71', '1988-09-15 07:31:10', NULL);
INSERT INTO `profiles` (`user_id`, `gender`, `birthday`, `photo_id`, `created_at`, `hometown`) VALUES ('314', NULL, '1990-01-24', '72', '1999-05-25 15:23:03', NULL);
INSERT INTO `profiles` (`user_id`, `gender`, `birthday`, `photo_id`, `created_at`, `hometown`) VALUES ('315', NULL, '1974-08-13', '73', '1993-01-11 06:43:51', NULL);
INSERT INTO `profiles` (`user_id`, `gender`, `birthday`, `photo_id`, `created_at`, `hometown`) VALUES ('316', NULL, '1997-07-22', '74', '2005-06-17 16:04:01', NULL);
INSERT INTO `profiles` (`user_id`, `gender`, `birthday`, `photo_id`, `created_at`, `hometown`) VALUES ('317', NULL, '2000-06-29', '75', '1971-12-14 01:49:42', NULL);
INSERT INTO `profiles` (`user_id`, `gender`, `birthday`, `photo_id`, `created_at`, `hometown`) VALUES ('318', NULL, '2007-07-10', '76', '1979-03-01 20:31:32', NULL);
INSERT INTO `profiles` (`user_id`, `gender`, `birthday`, `photo_id`, `created_at`, `hometown`) VALUES ('319', NULL, '1979-01-18', '77', '1985-08-26 13:44:53', NULL);
INSERT INTO `profiles` (`user_id`, `gender`, `birthday`, `photo_id`, `created_at`, `hometown`) VALUES ('321', NULL, '2007-12-30', '78', '2013-01-06 08:26:22', NULL);
INSERT INTO `profiles` (`user_id`, `gender`, `birthday`, `photo_id`, `created_at`, `hometown`) VALUES ('325', NULL, '2006-08-26', '79', '1974-07-25 13:34:38', NULL);
INSERT INTO `profiles` (`user_id`, `gender`, `birthday`, `photo_id`, `created_at`, `hometown`) VALUES ('326', NULL, '2020-02-26', '80', '2014-10-28 00:52:29', NULL);
INSERT INTO `profiles` (`user_id`, `gender`, `birthday`, `photo_id`, `created_at`, `hometown`) VALUES ('327', NULL, '1979-10-09', '81', '1983-04-10 23:45:15', NULL);
INSERT INTO `profiles` (`user_id`, `gender`, `birthday`, `photo_id`, `created_at`, `hometown`) VALUES ('329', NULL, '1999-11-09', '82', '2000-01-14 19:10:40', NULL);
INSERT INTO `profiles` (`user_id`, `gender`, `birthday`, `photo_id`, `created_at`, `hometown`) VALUES ('336', NULL, '2002-07-14', '83', '2013-04-29 09:14:25', NULL);
INSERT INTO `profiles` (`user_id`, `gender`, `birthday`, `photo_id`, `created_at`, `hometown`) VALUES ('337', NULL, '1983-01-11', '84', '1979-11-06 20:17:53', NULL);
INSERT INTO `profiles` (`user_id`, `gender`, `birthday`, `photo_id`, `created_at`, `hometown`) VALUES ('338', NULL, '1980-09-23', '85', '2017-04-28 21:38:25', NULL);
INSERT INTO `profiles` (`user_id`, `gender`, `birthday`, `photo_id`, `created_at`, `hometown`) VALUES ('339', NULL, '2002-06-06', '86', '1975-06-22 19:55:43', NULL);
INSERT INTO `profiles` (`user_id`, `gender`, `birthday`, `photo_id`, `created_at`, `hometown`) VALUES ('340', NULL, '1979-08-03', '87', '2008-04-19 05:16:32', NULL);
INSERT INTO `profiles` (`user_id`, `gender`, `birthday`, `photo_id`, `created_at`, `hometown`) VALUES ('341', NULL, '1977-08-16', '88', '2016-04-14 03:22:17', NULL);
INSERT INTO `profiles` (`user_id`, `gender`, `birthday`, `photo_id`, `created_at`, `hometown`) VALUES ('343', NULL, '1986-02-06', '89', '1978-10-31 04:54:25', NULL);
INSERT INTO `profiles` (`user_id`, `gender`, `birthday`, `photo_id`, `created_at`, `hometown`) VALUES ('344', NULL, '2003-04-14', '90', '2007-09-28 10:44:33', NULL);
INSERT INTO `profiles` (`user_id`, `gender`, `birthday`, `photo_id`, `created_at`, `hometown`) VALUES ('345', NULL, '2003-01-09', '91', '1990-02-03 22:52:46', NULL);
INSERT INTO `profiles` (`user_id`, `gender`, `birthday`, `photo_id`, `created_at`, `hometown`) VALUES ('347', NULL, '1978-05-04', '92', '2018-11-06 03:39:06', NULL);
INSERT INTO `profiles` (`user_id`, `gender`, `birthday`, `photo_id`, `created_at`, `hometown`) VALUES ('348', NULL, '2010-04-10', '93', '2014-04-09 19:44:46', NULL);
INSERT INTO `profiles` (`user_id`, `gender`, `birthday`, `photo_id`, `created_at`, `hometown`) VALUES ('350', NULL, '2010-07-19', '94', '1981-05-02 17:59:18', NULL);
INSERT INTO `profiles` (`user_id`, `gender`, `birthday`, `photo_id`, `created_at`, `hometown`) VALUES ('351', NULL, '1993-08-09', '95', '2012-10-27 05:52:01', NULL);
INSERT INTO `profiles` (`user_id`, `gender`, `birthday`, `photo_id`, `created_at`, `hometown`) VALUES ('352', NULL, '2008-03-13', '96', '2004-12-22 16:22:02', NULL);
INSERT INTO `profiles` (`user_id`, `gender`, `birthday`, `photo_id`, `created_at`, `hometown`) VALUES ('357', NULL, '2018-05-11', '97', '1970-03-21 03:06:15', NULL);
INSERT INTO `profiles` (`user_id`, `gender`, `birthday`, `photo_id`, `created_at`, `hometown`) VALUES ('358', NULL, '2014-12-27', '98', '2008-12-27 07:44:53', NULL);
INSERT INTO `profiles` (`user_id`, `gender`, `birthday`, `photo_id`, `created_at`, `hometown`) VALUES ('361', NULL, '2015-11-27', '99', '1986-02-03 22:28:35', NULL);
INSERT INTO `profiles` (`user_id`, `gender`, `birthday`, `photo_id`, `created_at`, `hometown`) VALUES ('363', NULL, '2021-07-20', '100', '1981-06-01 17:07:32', NULL);


#
# TABLE STRUCTURE FOR: user_likes
#

DROP TABLE IF EXISTS `user_likes`;

CREATE TABLE `user_likes` (
  `id` bigint(20) unsigned NOT NULL AUTO_INCREMENT,
  `user_id` bigint(20) unsigned NOT NULL,
  PRIMARY KEY (`id`),
  UNIQUE KEY `user_id` (`user_id`),
  CONSTRAINT `user_likes_ibfk_1` FOREIGN KEY (`user_id`) REFERENCES `users` (`id`)
) ENGINE=InnoDB AUTO_INCREMENT=201 DEFAULT CHARSET=utf8mb4 COLLATE=utf8mb4_unicode_ci;

INSERT INTO `user_likes` (`id`, `user_id`) VALUES ('1', '201');
INSERT INTO `user_likes` (`id`, `user_id`) VALUES ('2', '202');
INSERT INTO `user_likes` (`id`, `user_id`) VALUES ('3', '204');
INSERT INTO `user_likes` (`id`, `user_id`) VALUES ('4', '206');
INSERT INTO `user_likes` (`id`, `user_id`) VALUES ('5', '208');
INSERT INTO `user_likes` (`id`, `user_id`) VALUES ('6', '210');
INSERT INTO `user_likes` (`id`, `user_id`) VALUES ('7', '211');
INSERT INTO `user_likes` (`id`, `user_id`) VALUES ('8', '213');
INSERT INTO `user_likes` (`id`, `user_id`) VALUES ('9', '214');
INSERT INTO `user_likes` (`id`, `user_id`) VALUES ('10', '217');
INSERT INTO `user_likes` (`id`, `user_id`) VALUES ('11', '218');
INSERT INTO `user_likes` (`id`, `user_id`) VALUES ('12', '220');
INSERT INTO `user_likes` (`id`, `user_id`) VALUES ('13', '223');
INSERT INTO `user_likes` (`id`, `user_id`) VALUES ('14', '224');
INSERT INTO `user_likes` (`id`, `user_id`) VALUES ('15', '226');
INSERT INTO `user_likes` (`id`, `user_id`) VALUES ('16', '227');
INSERT INTO `user_likes` (`id`, `user_id`) VALUES ('17', '228');
INSERT INTO `user_likes` (`id`, `user_id`) VALUES ('18', '229');
INSERT INTO `user_likes` (`id`, `user_id`) VALUES ('19', '231');
INSERT INTO `user_likes` (`id`, `user_id`) VALUES ('20', '233');
INSERT INTO `user_likes` (`id`, `user_id`) VALUES ('21', '234');
INSERT INTO `user_likes` (`id`, `user_id`) VALUES ('22', '235');
INSERT INTO `user_likes` (`id`, `user_id`) VALUES ('23', '236');
INSERT INTO `user_likes` (`id`, `user_id`) VALUES ('24', '238');
INSERT INTO `user_likes` (`id`, `user_id`) VALUES ('25', '239');
INSERT INTO `user_likes` (`id`, `user_id`) VALUES ('26', '241');
INSERT INTO `user_likes` (`id`, `user_id`) VALUES ('27', '242');
INSERT INTO `user_likes` (`id`, `user_id`) VALUES ('28', '244');
INSERT INTO `user_likes` (`id`, `user_id`) VALUES ('29', '245');
INSERT INTO `user_likes` (`id`, `user_id`) VALUES ('30', '246');
INSERT INTO `user_likes` (`id`, `user_id`) VALUES ('31', '248');
INSERT INTO `user_likes` (`id`, `user_id`) VALUES ('32', '249');
INSERT INTO `user_likes` (`id`, `user_id`) VALUES ('33', '251');
INSERT INTO `user_likes` (`id`, `user_id`) VALUES ('34', '253');
INSERT INTO `user_likes` (`id`, `user_id`) VALUES ('35', '254');
INSERT INTO `user_likes` (`id`, `user_id`) VALUES ('36', '256');
INSERT INTO `user_likes` (`id`, `user_id`) VALUES ('37', '257');
INSERT INTO `user_likes` (`id`, `user_id`) VALUES ('38', '258');
INSERT INTO `user_likes` (`id`, `user_id`) VALUES ('39', '259');
INSERT INTO `user_likes` (`id`, `user_id`) VALUES ('40', '261');
INSERT INTO `user_likes` (`id`, `user_id`) VALUES ('41', '262');
INSERT INTO `user_likes` (`id`, `user_id`) VALUES ('42', '264');
INSERT INTO `user_likes` (`id`, `user_id`) VALUES ('43', '266');
INSERT INTO `user_likes` (`id`, `user_id`) VALUES ('44', '268');
INSERT INTO `user_likes` (`id`, `user_id`) VALUES ('45', '269');
INSERT INTO `user_likes` (`id`, `user_id`) VALUES ('46', '270');
INSERT INTO `user_likes` (`id`, `user_id`) VALUES ('47', '271');
INSERT INTO `user_likes` (`id`, `user_id`) VALUES ('48', '272');
INSERT INTO `user_likes` (`id`, `user_id`) VALUES ('49', '274');
INSERT INTO `user_likes` (`id`, `user_id`) VALUES ('50', '275');
INSERT INTO `user_likes` (`id`, `user_id`) VALUES ('51', '279');
INSERT INTO `user_likes` (`id`, `user_id`) VALUES ('52', '280');
INSERT INTO `user_likes` (`id`, `user_id`) VALUES ('53', '281');
INSERT INTO `user_likes` (`id`, `user_id`) VALUES ('54', '285');
INSERT INTO `user_likes` (`id`, `user_id`) VALUES ('55', '289');
INSERT INTO `user_likes` (`id`, `user_id`) VALUES ('56', '292');
INSERT INTO `user_likes` (`id`, `user_id`) VALUES ('57', '294');
INSERT INTO `user_likes` (`id`, `user_id`) VALUES ('58', '295');
INSERT INTO `user_likes` (`id`, `user_id`) VALUES ('59', '296');
INSERT INTO `user_likes` (`id`, `user_id`) VALUES ('60', '297');
INSERT INTO `user_likes` (`id`, `user_id`) VALUES ('61', '298');
INSERT INTO `user_likes` (`id`, `user_id`) VALUES ('62', '299');
INSERT INTO `user_likes` (`id`, `user_id`) VALUES ('63', '300');
INSERT INTO `user_likes` (`id`, `user_id`) VALUES ('64', '301');
INSERT INTO `user_likes` (`id`, `user_id`) VALUES ('65', '302');
INSERT INTO `user_likes` (`id`, `user_id`) VALUES ('66', '304');
INSERT INTO `user_likes` (`id`, `user_id`) VALUES ('67', '305');
INSERT INTO `user_likes` (`id`, `user_id`) VALUES ('68', '306');
INSERT INTO `user_likes` (`id`, `user_id`) VALUES ('69', '307');
INSERT INTO `user_likes` (`id`, `user_id`) VALUES ('70', '308');
INSERT INTO `user_likes` (`id`, `user_id`) VALUES ('71', '311');
INSERT INTO `user_likes` (`id`, `user_id`) VALUES ('72', '314');
INSERT INTO `user_likes` (`id`, `user_id`) VALUES ('73', '315');
INSERT INTO `user_likes` (`id`, `user_id`) VALUES ('74', '316');
INSERT INTO `user_likes` (`id`, `user_id`) VALUES ('75', '317');
INSERT INTO `user_likes` (`id`, `user_id`) VALUES ('76', '318');
INSERT INTO `user_likes` (`id`, `user_id`) VALUES ('77', '319');
INSERT INTO `user_likes` (`id`, `user_id`) VALUES ('78', '321');
INSERT INTO `user_likes` (`id`, `user_id`) VALUES ('79', '325');
INSERT INTO `user_likes` (`id`, `user_id`) VALUES ('80', '326');
INSERT INTO `user_likes` (`id`, `user_id`) VALUES ('81', '327');
INSERT INTO `user_likes` (`id`, `user_id`) VALUES ('82', '329');
INSERT INTO `user_likes` (`id`, `user_id`) VALUES ('83', '336');
INSERT INTO `user_likes` (`id`, `user_id`) VALUES ('84', '337');
INSERT INTO `user_likes` (`id`, `user_id`) VALUES ('85', '338');
INSERT INTO `user_likes` (`id`, `user_id`) VALUES ('86', '339');
INSERT INTO `user_likes` (`id`, `user_id`) VALUES ('87', '340');
INSERT INTO `user_likes` (`id`, `user_id`) VALUES ('88', '341');
INSERT INTO `user_likes` (`id`, `user_id`) VALUES ('89', '343');
INSERT INTO `user_likes` (`id`, `user_id`) VALUES ('90', '344');
INSERT INTO `user_likes` (`id`, `user_id`) VALUES ('91', '345');
INSERT INTO `user_likes` (`id`, `user_id`) VALUES ('92', '347');
INSERT INTO `user_likes` (`id`, `user_id`) VALUES ('93', '348');
INSERT INTO `user_likes` (`id`, `user_id`) VALUES ('94', '350');
INSERT INTO `user_likes` (`id`, `user_id`) VALUES ('95', '351');
INSERT INTO `user_likes` (`id`, `user_id`) VALUES ('96', '352');
INSERT INTO `user_likes` (`id`, `user_id`) VALUES ('97', '357');
INSERT INTO `user_likes` (`id`, `user_id`) VALUES ('98', '358');
INSERT INTO `user_likes` (`id`, `user_id`) VALUES ('99', '361');
INSERT INTO `user_likes` (`id`, `user_id`) VALUES ('100', '363');


#
# TABLE STRUCTURE FOR: users
#

DROP TABLE IF EXISTS `users`;

CREATE TABLE `users` (
  `id` bigint(20) unsigned NOT NULL AUTO_INCREMENT,
  `firstname` varchar(50) COLLATE utf8mb4_unicode_ci DEFAULT NULL,
  `lastname` varchar(50) COLLATE utf8mb4_unicode_ci DEFAULT NULL COMMENT '',
  `email` varchar(120) COLLATE utf8mb4_unicode_ci DEFAULT NULL,
  `password_hash` varchar(100) COLLATE utf8mb4_unicode_ci DEFAULT NULL,
  `phone` bigint(20) unsigned DEFAULT NULL,
  PRIMARY KEY (`id`),
  UNIQUE KEY `email` (`email`),
  UNIQUE KEY `phone` (`phone`),
  KEY `users_firstname_lastname_idx` (`firstname`,`lastname`)
) ENGINE=InnoDB AUTO_INCREMENT=401 DEFAULT CHARSET=utf8mb4 COLLATE=utf8mb4_unicode_ci COMMENT='';

INSERT INTO `users` (`id`, `firstname`, `lastname`, `email`, `password_hash`, `phone`) VALUES ('201', 'Leonie', 'Murphy', 'carson.hammes@example.net', '85f324295ad40e61f54335bde78a98877c2b9418', '4926070943');
INSERT INTO `users` (`id`, `firstname`, `lastname`, `email`, `password_hash`, `phone`) VALUES ('202', 'Aiden', 'Goldner', 'carlotta23@example.org', '6a624d43173123758cd5d700b948790662bd502a', '1');
INSERT INTO `users` (`id`, `firstname`, `lastname`, `email`, `password_hash`, `phone`) VALUES ('204', 'Priscilla', 'Nitzsche', 'dnicolas@example.com', '63a446fb7f44f98e69b287b773830afa6df0d425', '0');
INSERT INTO `users` (`id`, `firstname`, `lastname`, `email`, `password_hash`, `phone`) VALUES ('206', 'Zander', 'Schmitt', 'josiane.larkin@example.org', 'b307d248afc14ecb3f4e565b16d37acf94b10398', '925855');
INSERT INTO `users` (`id`, `firstname`, `lastname`, `email`, `password_hash`, `phone`) VALUES ('208', 'Eileen', 'Mayer', 'boyle.soledad@example.org', 'ce15829ff4dcaf4861020a1b4ec0a03bab8bd7b4', '65');
INSERT INTO `users` (`id`, `firstname`, `lastname`, `email`, `password_hash`, `phone`) VALUES ('210', 'Milan', 'Oberbrunner', 'cloyd54@example.org', '51653717d68831a4c5ebefe4a062284d2bbaa3b3', '200');
INSERT INTO `users` (`id`, `firstname`, `lastname`, `email`, `password_hash`, `phone`) VALUES ('211', 'Bette', 'Goodwin', 'gennaro.herzog@example.org', '41da30e1b8b9a9886f0df6745cb446af324921b9', '61');
INSERT INTO `users` (`id`, `firstname`, `lastname`, `email`, `password_hash`, `phone`) VALUES ('213', 'Candido', 'Douglas', 'hellen40@example.com', 'b4b66d98146366bd60476690fa53091c919c39e8', '203901');
INSERT INTO `users` (`id`, `firstname`, `lastname`, `email`, `password_hash`, `phone`) VALUES ('214', 'Josefina', 'Smith', 'zakary.marvin@example.org', '795df4e57ad70c9c1abccdf2134d8a24e4d8f7ef', '55');
INSERT INTO `users` (`id`, `firstname`, `lastname`, `email`, `password_hash`, `phone`) VALUES ('217', 'Dillon', 'Morissette', 'uwilliamson@example.net', '8c98512f423290cd046269f0ac4783bf71e7a99a', '918664');
INSERT INTO `users` (`id`, `firstname`, `lastname`, `email`, `password_hash`, `phone`) VALUES ('218', 'Callie', 'O\'Kon', 'jacobi.nolan@example.com', '22326a40d2a1d9152bb4e8f3794a4d67a90c029a', '608579');
INSERT INTO `users` (`id`, `firstname`, `lastname`, `email`, `password_hash`, `phone`) VALUES ('220', 'Ines', 'Wolff', 'orie16@example.net', 'cb4b7097c645c22a3aa1487658381897bcb4473f', '312408');
INSERT INTO `users` (`id`, `firstname`, `lastname`, `email`, `password_hash`, `phone`) VALUES ('223', 'Sophia', 'Miller', 'angeline32@example.com', '7a46e1d9e33ec805ff0e43fb8783ef4faea08673', '1459454251');
INSERT INTO `users` (`id`, `firstname`, `lastname`, `email`, `password_hash`, `phone`) VALUES ('224', 'Lori', 'Heidenreich', 'beahan.cornell@example.net', '76934bc2f3e688a4f1f0bd3848fcb7a5ec549fce', '436');
INSERT INTO `users` (`id`, `firstname`, `lastname`, `email`, `password_hash`, `phone`) VALUES ('226', 'Dusty', 'Batz', 'lrosenbaum@example.com', '291f3d049392169e21f140fe3a32eaf7c63d5c68', '945');
INSERT INTO `users` (`id`, `firstname`, `lastname`, `email`, `password_hash`, `phone`) VALUES ('227', 'Alf', 'Skiles', 'trystan17@example.net', 'be6effacb6c3404601e04dec8dabb20dc679ed73', '532');
INSERT INTO `users` (`id`, `firstname`, `lastname`, `email`, `password_hash`, `phone`) VALUES ('228', 'Ambrose', 'Pacocha', 'kbotsford@example.org', 'b2b39c7574aefc5bcaa3bdd04a34d6e874ea1b4c', '423');
INSERT INTO `users` (`id`, `firstname`, `lastname`, `email`, `password_hash`, `phone`) VALUES ('229', 'Evan', 'Hartmann', 'rcrist@example.org', 'cb3d86b318a269cddda9023d0db1e9e9c664dc95', '125260');
INSERT INTO `users` (`id`, `firstname`, `lastname`, `email`, `password_hash`, `phone`) VALUES ('231', 'Athena', 'Bogisich', 'ogrady@example.net', '628db5d56f78c153f98df51d107874b989930880', '620');
INSERT INTO `users` (`id`, `firstname`, `lastname`, `email`, `password_hash`, `phone`) VALUES ('233', 'Cecil', 'Rolfson', 'alana.will@example.org', 'e473343bd46f7d8abf48231b99a4e78e478ef5ae', '790');
INSERT INTO `users` (`id`, `firstname`, `lastname`, `email`, `password_hash`, `phone`) VALUES ('234', 'Rosella', 'Turner', 'gladyce.hickle@example.org', '1030afd0ef9d04904cd9ad90841f094fcbb9439d', '335372');
INSERT INTO `users` (`id`, `firstname`, `lastname`, `email`, `password_hash`, `phone`) VALUES ('235', 'Reanna', 'Ferry', 'elyse01@example.org', '5ee822ecf92e792890d6117f861632738fef3999', '859');
INSERT INTO `users` (`id`, `firstname`, `lastname`, `email`, `password_hash`, `phone`) VALUES ('236', 'Dustin', 'Mills', 'abshire.micheal@example.org', '844dca138f931b1a6d2026df1dbba0c23861beb7', '719492');
INSERT INTO `users` (`id`, `firstname`, `lastname`, `email`, `password_hash`, `phone`) VALUES ('238', 'Prince', 'Schamberger', 'pfannerstill.rodrigo@example.net', '5024b4ebdffab058b0e5b1f488de2df9f2a8bb8f', '353503');
INSERT INTO `users` (`id`, `firstname`, `lastname`, `email`, `password_hash`, `phone`) VALUES ('239', 'Nettie', 'Runolfsdottir', 'lhintz@example.com', '0b0ddc20a9b4e46f75c295024a8f8492683b4eb7', '8780419770');
INSERT INTO `users` (`id`, `firstname`, `lastname`, `email`, `password_hash`, `phone`) VALUES ('241', 'Bobbie', 'Schumm', 'kaitlin.rippin@example.net', 'f6e41cc8378688efbf7b046f54551f2d13198790', '406');
INSERT INTO `users` (`id`, `firstname`, `lastname`, `email`, `password_hash`, `phone`) VALUES ('242', 'Ozella', 'Brakus', 'dora86@example.org', 'bc20aa40dfc34ab4a83475d59ac3ac8de2cbaf6f', '4223583826');
INSERT INTO `users` (`id`, `firstname`, `lastname`, `email`, `password_hash`, `phone`) VALUES ('244', 'Taurean', 'Kovacek', 'gulgowski.stephania@example.com', 'd9f0f71acd2747e2449107d35c87233a1f5942b8', '421903');
INSERT INTO `users` (`id`, `firstname`, `lastname`, `email`, `password_hash`, `phone`) VALUES ('245', 'Aaron', 'Berge', 'runte.berniece@example.org', '50198a91fa674bf741ebf12ee580539f64b653bf', '168769016');
INSERT INTO `users` (`id`, `firstname`, `lastname`, `email`, `password_hash`, `phone`) VALUES ('246', 'Vincenza', 'Harris', 'dare.amya@example.org', '73079953577c1f1815b34b51d361a48e5f87082e', '339353');
INSERT INTO `users` (`id`, `firstname`, `lastname`, `email`, `password_hash`, `phone`) VALUES ('248', 'Golden', 'Glover', 'isabella.wunsch@example.com', '19518dff190c3c621ea5aa227757a6adb45fdbe2', '3');
INSERT INTO `users` (`id`, `firstname`, `lastname`, `email`, `password_hash`, `phone`) VALUES ('249', 'Amalia', 'Lowe', 'myrna72@example.com', '6fe5ec27cc1f986efa03ec969d72495697ee9ed9', '80');
INSERT INTO `users` (`id`, `firstname`, `lastname`, `email`, `password_hash`, `phone`) VALUES ('251', 'David', 'Borer', 'selina.wolff@example.org', '0c7c586ef07133549eb61c1ee532936d5c36dc4f', '2474558944');
INSERT INTO `users` (`id`, `firstname`, `lastname`, `email`, `password_hash`, `phone`) VALUES ('253', 'Ruth', 'D\'Amore', 'merlin26@example.com', 'f0410ab0b9aeb1e251ce214d7a335665e25c29c6', '380');
INSERT INTO `users` (`id`, `firstname`, `lastname`, `email`, `password_hash`, `phone`) VALUES ('254', 'Willow', 'Schiller', 'bpagac@example.com', '26eb145fdb9880885d22b05475e32e11cc32a8e5', '58959');
INSERT INTO `users` (`id`, `firstname`, `lastname`, `email`, `password_hash`, `phone`) VALUES ('256', 'Karlee', 'Gulgowski', 'alycia98@example.com', '2f7eed4836bc71606fb68a728fe4c0c3cd4068ee', '156985');
INSERT INTO `users` (`id`, `firstname`, `lastname`, `email`, `password_hash`, `phone`) VALUES ('257', 'Eduardo', 'Sporer', 'wankunding@example.com', 'f08290a02b9b22952973578bbbbbffe260dedea0', '623682');
INSERT INTO `users` (`id`, `firstname`, `lastname`, `email`, `password_hash`, `phone`) VALUES ('258', 'Stephany', 'Gusikowski', 'jackie92@example.org', 'd326bbff39a0ce0d0da8cb2d070cb5380d42ee9b', '204387184');
INSERT INTO `users` (`id`, `firstname`, `lastname`, `email`, `password_hash`, `phone`) VALUES ('259', 'Stuart', 'Daniel', 'steuber.monte@example.net', 'f3e3b6fe81bf4c49c77efb0e97f38971fe1d0b83', '157281');
INSERT INTO `users` (`id`, `firstname`, `lastname`, `email`, `password_hash`, `phone`) VALUES ('261', 'Brielle', 'Roberts', 'stoltenberg.van@example.com', '72bbd1e2f14af31c8d34116e717aad2daa1ec909', '217');
INSERT INTO `users` (`id`, `firstname`, `lastname`, `email`, `password_hash`, `phone`) VALUES ('262', 'Tatum', 'Little', 'jamel.sporer@example.net', '61dd3116435d7025df5bc4019658133196d9188e', '374586');
INSERT INTO `users` (`id`, `firstname`, `lastname`, `email`, `password_hash`, `phone`) VALUES ('264', 'Marilie', 'Walsh', 'louie66@example.com', 'ec1226cfeec2eac23863a318fa99847c6e4e73e3', '5369524141');
INSERT INTO `users` (`id`, `firstname`, `lastname`, `email`, `password_hash`, `phone`) VALUES ('266', 'Jodie', 'Nader', 'raynor.dexter@example.com', 'ba6bac1623b25d719233bc0e45a5c9e414d5ea38', '125065');
INSERT INTO `users` (`id`, `firstname`, `lastname`, `email`, `password_hash`, `phone`) VALUES ('268', 'Jerry', 'Ortiz', 'nola83@example.net', '4815209a46e9de345609de9185936a16eba8aeee', '313');
INSERT INTO `users` (`id`, `firstname`, `lastname`, `email`, `password_hash`, `phone`) VALUES ('269', 'Augusta', 'Rippin', 'lola.jacobi@example.net', 'b159da0bf06e5de09683bccc86fce8c2ca7de15d', '21');
INSERT INTO `users` (`id`, `firstname`, `lastname`, `email`, `password_hash`, `phone`) VALUES ('270', 'Elvie', 'Barton', 'wisozk.taylor@example.com', 'dd065b5bed5af8b546587fbca49f442d7b1538c2', '877');
INSERT INTO `users` (`id`, `firstname`, `lastname`, `email`, `password_hash`, `phone`) VALUES ('271', 'Leonard', 'Botsford', 'fbatz@example.com', 'ca31b6d9544942c4b04541ba8e7c3a17d1fe24c0', '37');
INSERT INTO `users` (`id`, `firstname`, `lastname`, `email`, `password_hash`, `phone`) VALUES ('272', 'Mozelle', 'Reilly', 'winfield.bode@example.com', '65f5e5086354c533cda69d2bb40439bba7adfb3c', '131');
INSERT INTO `users` (`id`, `firstname`, `lastname`, `email`, `password_hash`, `phone`) VALUES ('274', 'Edgardo', 'Stokes', 'kaela48@example.net', '159d785ec08eb0c99db1c9f1f2b95c0a58865624', '148430');
INSERT INTO `users` (`id`, `firstname`, `lastname`, `email`, `password_hash`, `phone`) VALUES ('275', 'Cecelia', 'Kautzer', 'krosenbaum@example.net', '1db0b86870d38b6df43af3e03bf79192387797ba', '833224051');
INSERT INTO `users` (`id`, `firstname`, `lastname`, `email`, `password_hash`, `phone`) VALUES ('279', 'Koby', 'Kassulke', 'rbreitenberg@example.net', '945daa80b7733fed54b19b86498237d70980f126', '385858577');
INSERT INTO `users` (`id`, `firstname`, `lastname`, `email`, `password_hash`, `phone`) VALUES ('280', 'Pietro', 'Beier', 'schaefer.jamie@example.org', 'd6302117b9f8094c7302b85d8bd6c799708c2927', '925189');
INSERT INTO `users` (`id`, `firstname`, `lastname`, `email`, `password_hash`, `phone`) VALUES ('281', 'Wilfredo', 'Conroy', 'eichmann.margarette@example.org', '68a34c894676760dd0cd0f05968db4f4fb48ef73', '66');
INSERT INTO `users` (`id`, `firstname`, `lastname`, `email`, `password_hash`, `phone`) VALUES ('285', 'Hadley', 'Auer', 'sydney.emard@example.net', 'a702481ca65c23d518c58fd689c33b8532cc7f14', '993');
INSERT INTO `users` (`id`, `firstname`, `lastname`, `email`, `password_hash`, `phone`) VALUES ('289', 'Fredy', 'Goyette', 'fschuster@example.net', '85f5012489c08cd04f0794f539b1bb641e655284', '597370');
INSERT INTO `users` (`id`, `firstname`, `lastname`, `email`, `password_hash`, `phone`) VALUES ('292', 'Billie', 'Kertzmann', 'hugh.gerlach@example.net', 'ab35bb81f0cf2d3749805a8e2bab4cb179080a3a', '174484');
INSERT INTO `users` (`id`, `firstname`, `lastname`, `email`, `password_hash`, `phone`) VALUES ('294', 'Tyreek', 'Upton', 'krath@example.org', '12445e627e430e660dfb7d2a15d0e959ef26d2aa', '696036');
INSERT INTO `users` (`id`, `firstname`, `lastname`, `email`, `password_hash`, `phone`) VALUES ('295', 'Samantha', 'Okuneva', 'rylee00@example.org', 'b09602f180abe9824b0ae9639925cf731dc085f2', '919817');
INSERT INTO `users` (`id`, `firstname`, `lastname`, `email`, `password_hash`, `phone`) VALUES ('296', 'Alvis', 'Crooks', 'grace.gutmann@example.net', '6b9c65cd87d9082a1b89dbf5b2ef93306291553f', '595');
INSERT INTO `users` (`id`, `firstname`, `lastname`, `email`, `password_hash`, `phone`) VALUES ('297', 'Mallory', 'Mills', 'ashly84@example.com', '712f4c40a5f7af89d44964244b8c1f318c952f05', '30');
INSERT INTO `users` (`id`, `firstname`, `lastname`, `email`, `password_hash`, `phone`) VALUES ('298', 'Gussie', 'Heidenreich', 'leta.romaguera@example.com', '31d00a67b136b1cc6f6c9894ae29553d784bb965', '399892');
INSERT INTO `users` (`id`, `firstname`, `lastname`, `email`, `password_hash`, `phone`) VALUES ('299', 'Vilma', 'Kulas', 'carleton17@example.com', '3cd49c7cabe74844dfa950bfe3ae01fcd0c4677d', '150907');
INSERT INTO `users` (`id`, `firstname`, `lastname`, `email`, `password_hash`, `phone`) VALUES ('300', 'Nichole', 'Steuber', 'murazik.rashad@example.org', '22cbbf816d7b0b229408a9b0ca04ed7901296480', '724798');
INSERT INTO `users` (`id`, `firstname`, `lastname`, `email`, `password_hash`, `phone`) VALUES ('301', 'Hayley', 'Little', 'edward21@example.org', '8f9889e74e10df928d89c0e45f74d9b37b44b1e6', '827');
INSERT INTO `users` (`id`, `firstname`, `lastname`, `email`, `password_hash`, `phone`) VALUES ('302', 'Russel', 'Welch', 'joanie49@example.com', '42c98b92e530e178596fa3609a436334db9c30ac', '920');
INSERT INTO `users` (`id`, `firstname`, `lastname`, `email`, `password_hash`, `phone`) VALUES ('304', 'Torrey', 'Koss', 'tania35@example.org', '03cb8e509dba9f3a49b5891655d2917e5b1544c5', '2636951510');
INSERT INTO `users` (`id`, `firstname`, `lastname`, `email`, `password_hash`, `phone`) VALUES ('305', 'Sterling', 'Miller', 'jrussel@example.net', '6d35e9cf271a2de41ca9171143a7fda465d398fc', '733');
INSERT INTO `users` (`id`, `firstname`, `lastname`, `email`, `password_hash`, `phone`) VALUES ('306', 'Thad', 'Howe', 'alia.quigley@example.com', '2d5ad82d9c1c12671c5631acffa932c489c9a41a', '42');
INSERT INTO `users` (`id`, `firstname`, `lastname`, `email`, `password_hash`, `phone`) VALUES ('307', 'Art', 'McGlynn', 'marks.estelle@example.org', '39bea0d118aee3eba44ea4a17d2a75912e0e06f0', '984000');
INSERT INTO `users` (`id`, `firstname`, `lastname`, `email`, `password_hash`, `phone`) VALUES ('308', 'Rhea', 'Kertzmann', 'keaton.quitzon@example.org', '9c4a661aab77f24b3a417849ccd658511351a23d', '457');
INSERT INTO `users` (`id`, `firstname`, `lastname`, `email`, `password_hash`, `phone`) VALUES ('311', 'Felton', 'McCullough', 'qgusikowski@example.org', '09b6c9f277fcd528016d013e1c64da9c06f4d1bc', '330');
INSERT INTO `users` (`id`, `firstname`, `lastname`, `email`, `password_hash`, `phone`) VALUES ('314', 'Ericka', 'Berge', 'pspencer@example.com', 'f98b39cf451c5fa23087f0182c6de7b7f64384e6', '77');
INSERT INTO `users` (`id`, `firstname`, `lastname`, `email`, `password_hash`, `phone`) VALUES ('315', 'Carolyn', 'Gibson', 'obie.padberg@example.org', '5c3430c897115d59ae5433be7eeab445c4d48174', '82');
INSERT INTO `users` (`id`, `firstname`, `lastname`, `email`, `password_hash`, `phone`) VALUES ('316', 'Flossie', 'Hickle', 'leda.runte@example.com', '1ada8d712a77e241a3051fd6906480498e4278b6', '816');
INSERT INTO `users` (`id`, `firstname`, `lastname`, `email`, `password_hash`, `phone`) VALUES ('317', 'Evalyn', 'Leannon', 'belle.schowalter@example.com', 'b0cfb371fd110fdc85c04d6a4f4c7a36bdf42869', '375202');
INSERT INTO `users` (`id`, `firstname`, `lastname`, `email`, `password_hash`, `phone`) VALUES ('318', 'German', 'Rutherford', 'millie26@example.com', 'de9013cdeb6c6e257aefbbad8e93ff92096c621d', '131118');
INSERT INTO `users` (`id`, `firstname`, `lastname`, `email`, `password_hash`, `phone`) VALUES ('319', 'Blair', 'Herman', 'sister45@example.net', 'ec63ecd067b8ef6a91abaab8a46feedf4d9183c8', '361');
INSERT INTO `users` (`id`, `firstname`, `lastname`, `email`, `password_hash`, `phone`) VALUES ('321', 'Guido', 'Grimes', 'susanna95@example.net', '7a5fe4554b20dde7d921a2b3e6118a071d2f62a4', '5135722009');
INSERT INTO `users` (`id`, `firstname`, `lastname`, `email`, `password_hash`, `phone`) VALUES ('325', 'Lawrence', 'Kohler', 'gbeatty@example.org', '9367af669e829b30400b6982fa74ee988a4e1272', '583120');
INSERT INTO `users` (`id`, `firstname`, `lastname`, `email`, `password_hash`, `phone`) VALUES ('326', 'Johann', 'O\'Reilly', 'camylle.volkman@example.com', '302ea8bc17cf073ea00b36b4a98b5d352063ef03', '485401');
INSERT INTO `users` (`id`, `firstname`, `lastname`, `email`, `password_hash`, `phone`) VALUES ('327', 'Mallie', 'Kozey', 'ortiz.daphnee@example.com', '3888f6c1dc97669d9f7cfc6e29dcddd733ea82c5', '9074620525');
INSERT INTO `users` (`id`, `firstname`, `lastname`, `email`, `password_hash`, `phone`) VALUES ('329', 'Shirley', 'Christiansen', 'marcellus29@example.net', '5f0f940a81c65f0364449759cc6efde74804d405', '185571');
INSERT INTO `users` (`id`, `firstname`, `lastname`, `email`, `password_hash`, `phone`) VALUES ('336', 'Ben', 'Bruen', 'garrison17@example.net', '049cad23d8050897e5a5af58b50325b7b4b0e927', '8431091181');
INSERT INTO `users` (`id`, `firstname`, `lastname`, `email`, `password_hash`, `phone`) VALUES ('337', 'Christophe', 'Wilkinson', 'hadley.welch@example.com', 'e6dbe98aaa2802ff326d339856e7d6b22a0d5d5c', '69');
INSERT INTO `users` (`id`, `firstname`, `lastname`, `email`, `password_hash`, `phone`) VALUES ('338', 'Blaze', 'Larson', 'skiles.ashleigh@example.org', 'c71c55936e6905ca99487ab058f5595bd54d1751', '709');
INSERT INTO `users` (`id`, `firstname`, `lastname`, `email`, `password_hash`, `phone`) VALUES ('339', 'Zena', 'Marks', 'stephanie.stamm@example.com', '621bb6c57c81a0e4fd4b8d0245776171dedac113', '494770');
INSERT INTO `users` (`id`, `firstname`, `lastname`, `email`, `password_hash`, `phone`) VALUES ('340', 'Laurence', 'Mohr', 'uschiller@example.org', 'acf390361cd1967f9165205e36eca90bd294545a', '392');
INSERT INTO `users` (`id`, `firstname`, `lastname`, `email`, `password_hash`, `phone`) VALUES ('341', 'Alphonso', 'Dooley', 'sawayn.dora@example.net', 'a1598ae43fd4d8c5acc584613f5b4b75e7e42cab', '892631');
INSERT INTO `users` (`id`, `firstname`, `lastname`, `email`, `password_hash`, `phone`) VALUES ('343', 'Bridgette', 'Boehm', 'owen.huels@example.net', '9123970c753c27a130d52d384c6c753b62a24fb4', '678588');
INSERT INTO `users` (`id`, `firstname`, `lastname`, `email`, `password_hash`, `phone`) VALUES ('344', 'Clara', 'Jones', 'qstanton@example.com', 'cc6d71ee7b2fe855a7b89d38c41cbaba19fb04a1', '747');
INSERT INTO `users` (`id`, `firstname`, `lastname`, `email`, `password_hash`, `phone`) VALUES ('345', 'Melyssa', 'Will', 'harber.bailey@example.org', 'f1a988330a4659d35009de72ffbac9f44ab85a3a', '636986');
INSERT INTO `users` (`id`, `firstname`, `lastname`, `email`, `password_hash`, `phone`) VALUES ('347', 'Maida', 'Bahringer', 'sgerlach@example.com', 'e45d7ea02f1d1957bd780018b99a744e5c7d27e5', '497');
INSERT INTO `users` (`id`, `firstname`, `lastname`, `email`, `password_hash`, `phone`) VALUES ('348', 'Quinton', 'Leuschke', 'dillon17@example.org', '794efa7aae3d819cafa29888336e76b5701c66ab', '437170');
INSERT INTO `users` (`id`, `firstname`, `lastname`, `email`, `password_hash`, `phone`) VALUES ('350', 'Rigoberto', 'Cole', 'trevion.davis@example.com', '36a84f0056cfb11a3822b0c87924d354426ca77d', '96');
INSERT INTO `users` (`id`, `firstname`, `lastname`, `email`, `password_hash`, `phone`) VALUES ('351', 'Ally', 'Terry', 'will.alek@example.org', '3467d00c1fd8b6a82d31b45262f515e5e31e781b', '260');
INSERT INTO `users` (`id`, `firstname`, `lastname`, `email`, `password_hash`, `phone`) VALUES ('352', 'Cassie', 'O\'Kon', 'nharvey@example.com', 'ca2c6d8bcea7d393bee6b11e89bc9ba5ba8c891f', '141902438');
INSERT INTO `users` (`id`, `firstname`, `lastname`, `email`, `password_hash`, `phone`) VALUES ('357', 'Brisa', 'Towne', 'mlubowitz@example.com', 'be4b78663807790cb0f929fdbacc0e49b90e4b64', '8465656065');
INSERT INTO `users` (`id`, `firstname`, `lastname`, `email`, `password_hash`, `phone`) VALUES ('358', 'Helene', 'Lemke', 'ekrajcik@example.org', 'c0277a8430f11c9755c9ef79328d32b959be46ff', '6277121977');
INSERT INTO `users` (`id`, `firstname`, `lastname`, `email`, `password_hash`, `phone`) VALUES ('361', 'Ova', 'Cummerata', 'qsatterfield@example.org', 'e6955bd697b6a8cd1c29d4aeb0d30de50058af0b', '98');
INSERT INTO `users` (`id`, `firstname`, `lastname`, `email`, `password_hash`, `phone`) VALUES ('363', 'Brionna', 'Legros', 'kallie90@example.net', '8db5d1182646709f2ce6a790e89387ba613f4b1b', '158298');
INSERT INTO `users` (`id`, `firstname`, `lastname`, `email`, `password_hash`, `phone`) VALUES ('364', 'Summer', 'Cassin', 'pfannerstill.chaim@example.com', '1f423aa89c29ae6f8da5e588df1ba0b98e72b312', '298034');
INSERT INTO `users` (`id`, `firstname`, `lastname`, `email`, `password_hash`, `phone`) VALUES ('366', 'Octavia', 'D\'Amore', 'spencer.jewel@example.org', '6c13f3fff28ad80a44f161b3bbba4c26e5f89759', '4603');
INSERT INTO `users` (`id`, `firstname`, `lastname`, `email`, `password_hash`, `phone`) VALUES ('367', 'Mabelle', 'Prohaska', 'fkunde@example.com', '755c6fb077019c9c8ffecb83cf47184c6dadbd3d', '146021');
INSERT INTO `users` (`id`, `firstname`, `lastname`, `email`, `password_hash`, `phone`) VALUES ('368', 'Mikel', 'Larkin', 'seth82@example.net', '8477e0c9f37eeee30a8b7ea90045e7fa9397eda1', '1837156650');
INSERT INTO `users` (`id`, `firstname`, `lastname`, `email`, `password_hash`, `phone`) VALUES ('369', 'Merlin', 'Lakin', 'bhoeger@example.com', '1a9727b0007c056d55ad2bbfe6dbbfc9ad69addc', '701');
INSERT INTO `users` (`id`, `firstname`, `lastname`, `email`, `password_hash`, `phone`) VALUES ('372', 'Lucile', 'Welch', 'lolita.becker@example.org', '40e07dc1973b45a0e50bafaff9ebfe80e543982b', '60');
INSERT INTO `users` (`id`, `firstname`, `lastname`, `email`, `password_hash`, `phone`) VALUES ('373', 'Aurelie', 'Beer', 'davis.lyda@example.com', 'c4e786c46349373159dc5061e924a6df1b25e775', '146');
INSERT INTO `users` (`id`, `firstname`, `lastname`, `email`, `password_hash`, `phone`) VALUES ('375', 'Jo', 'Leuschke', 'ortiz.maximillian@example.com', '476cb8d309be74d5a917a2c1441332f738832b61', '913920');
INSERT INTO `users` (`id`, `firstname`, `lastname`, `email`, `password_hash`, `phone`) VALUES ('378', 'Ryley', 'Volkman', 'jarvis54@example.net', '3e8cf7b306171c0c3966e87afb7b0264b4b8da28', '581');
INSERT INTO `users` (`id`, `firstname`, `lastname`, `email`, `password_hash`, `phone`) VALUES ('380', 'Violet', 'Okuneva', 'sallie.kris@example.com', '8486745f056c4232917884a034dcff2da97c7fbc', '74863');
INSERT INTO `users` (`id`, `firstname`, `lastname`, `email`, `password_hash`, `phone`) VALUES ('381', 'Kayla', 'Brown', 'adonis58@example.org', '1dd9ffb00d767cb7dd7548c55b78343c658f61bc', '773556');
INSERT INTO `users` (`id`, `firstname`, `lastname`, `email`, `password_hash`, `phone`) VALUES ('385', 'Meghan', 'Waelchi', 'stamm.jeffry@example.com', '0b2c6880c5b3e91497267b6c091e02c1fb1114f1', '136');
INSERT INTO `users` (`id`, `firstname`, `lastname`, `email`, `password_hash`, `phone`) VALUES ('386', 'Afton', 'Weissnat', 'alyce.anderson@example.com', '82da2c83c6c724e43785129f0b3b1a30348bdf1d', '312');
INSERT INTO `users` (`id`, `firstname`, `lastname`, `email`, `password_hash`, `phone`) VALUES ('388', 'Oma', 'Hickle', 'xgreen@example.com', 'e9bc067bfd431ec104758b9c26b02de1392c2532', '710');
INSERT INTO `users` (`id`, `firstname`, `lastname`, `email`, `password_hash`, `phone`) VALUES ('391', 'Marcella', 'Thompson', 'kuhlman.soledad@example.net', 'e20e7e3ebfab38f3bb6d1816d94dbb541fb50e82', '11');
INSERT INTO `users` (`id`, `firstname`, `lastname`, `email`, `password_hash`, `phone`) VALUES ('392', 'Macy', 'Smitham', 'trystan02@example.com', '05790b5bfba541792e86ed7480fa9da093493364', '446');
INSERT INTO `users` (`id`, `firstname`, `lastname`, `email`, `password_hash`, `phone`) VALUES ('393', 'Cyrus', 'Lehner', 'graciela.anderson@example.com', '04a7440389936f32443386255935dfeef0ddc8c8', '6616006937');
INSERT INTO `users` (`id`, `firstname`, `lastname`, `email`, `password_hash`, `phone`) VALUES ('395', 'Rita', 'Dooley', 'roxanne97@example.com', '2103c4d07fb04c3696194314cfb39296d5a39299', '827787');
INSERT INTO `users` (`id`, `firstname`, `lastname`, `email`, `password_hash`, `phone`) VALUES ('396', 'Katarina', 'Corkery', 'reinhold.bergnaum@example.net', '9e6b5bd22421193352271383682453305f868172', '763');


#
# TABLE STRUCTURE FOR: users_communities
#

DROP TABLE IF EXISTS `users_communities`;

CREATE TABLE `users_communities` (
  `user_id` bigint(20) unsigned NOT NULL,
  `community_id` bigint(20) unsigned NOT NULL,
  PRIMARY KEY (`user_id`,`community_id`),
  KEY `community_id` (`community_id`),
  CONSTRAINT `users_communities_ibfk_1` FOREIGN KEY (`user_id`) REFERENCES `users` (`id`),
  CONSTRAINT `users_communities_ibfk_2` FOREIGN KEY (`community_id`) REFERENCES `communities` (`id`)
) ENGINE=InnoDB DEFAULT CHARSET=utf8mb4 COLLATE=utf8mb4_unicode_ci;

INSERT INTO `users_communities` (`user_id`, `community_id`) VALUES ('201', '1');
INSERT INTO `users_communities` (`user_id`, `community_id`) VALUES ('201', '120');
INSERT INTO `users_communities` (`user_id`, `community_id`) VALUES ('202', '2');
INSERT INTO `users_communities` (`user_id`, `community_id`) VALUES ('202', '121');
INSERT INTO `users_communities` (`user_id`, `community_id`) VALUES ('204', '3');
INSERT INTO `users_communities` (`user_id`, `community_id`) VALUES ('204', '122');
INSERT INTO `users_communities` (`user_id`, `community_id`) VALUES ('206', '4');
INSERT INTO `users_communities` (`user_id`, `community_id`) VALUES ('206', '123');
INSERT INTO `users_communities` (`user_id`, `community_id`) VALUES ('208', '5');
INSERT INTO `users_communities` (`user_id`, `community_id`) VALUES ('208', '124');
INSERT INTO `users_communities` (`user_id`, `community_id`) VALUES ('210', '6');
INSERT INTO `users_communities` (`user_id`, `community_id`) VALUES ('210', '125');
INSERT INTO `users_communities` (`user_id`, `community_id`) VALUES ('211', '7');
INSERT INTO `users_communities` (`user_id`, `community_id`) VALUES ('211', '126');
INSERT INTO `users_communities` (`user_id`, `community_id`) VALUES ('213', '8');
INSERT INTO `users_communities` (`user_id`, `community_id`) VALUES ('213', '127');
INSERT INTO `users_communities` (`user_id`, `community_id`) VALUES ('214', '9');
INSERT INTO `users_communities` (`user_id`, `community_id`) VALUES ('214', '128');
INSERT INTO `users_communities` (`user_id`, `community_id`) VALUES ('217', '10');
INSERT INTO `users_communities` (`user_id`, `community_id`) VALUES ('217', '129');
INSERT INTO `users_communities` (`user_id`, `community_id`) VALUES ('218', '11');
INSERT INTO `users_communities` (`user_id`, `community_id`) VALUES ('218', '130');
INSERT INTO `users_communities` (`user_id`, `community_id`) VALUES ('220', '12');
INSERT INTO `users_communities` (`user_id`, `community_id`) VALUES ('220', '131');
INSERT INTO `users_communities` (`user_id`, `community_id`) VALUES ('223', '13');
INSERT INTO `users_communities` (`user_id`, `community_id`) VALUES ('223', '132');
INSERT INTO `users_communities` (`user_id`, `community_id`) VALUES ('224', '14');
INSERT INTO `users_communities` (`user_id`, `community_id`) VALUES ('224', '133');
INSERT INTO `users_communities` (`user_id`, `community_id`) VALUES ('226', '15');
INSERT INTO `users_communities` (`user_id`, `community_id`) VALUES ('226', '134');
INSERT INTO `users_communities` (`user_id`, `community_id`) VALUES ('227', '16');
INSERT INTO `users_communities` (`user_id`, `community_id`) VALUES ('227', '135');
INSERT INTO `users_communities` (`user_id`, `community_id`) VALUES ('228', '17');
INSERT INTO `users_communities` (`user_id`, `community_id`) VALUES ('228', '136');
INSERT INTO `users_communities` (`user_id`, `community_id`) VALUES ('229', '18');
INSERT INTO `users_communities` (`user_id`, `community_id`) VALUES ('229', '137');
INSERT INTO `users_communities` (`user_id`, `community_id`) VALUES ('231', '19');
INSERT INTO `users_communities` (`user_id`, `community_id`) VALUES ('231', '138');
INSERT INTO `users_communities` (`user_id`, `community_id`) VALUES ('233', '20');
INSERT INTO `users_communities` (`user_id`, `community_id`) VALUES ('233', '139');
INSERT INTO `users_communities` (`user_id`, `community_id`) VALUES ('234', '21');
INSERT INTO `users_communities` (`user_id`, `community_id`) VALUES ('234', '140');
INSERT INTO `users_communities` (`user_id`, `community_id`) VALUES ('235', '22');
INSERT INTO `users_communities` (`user_id`, `community_id`) VALUES ('235', '141');
INSERT INTO `users_communities` (`user_id`, `community_id`) VALUES ('236', '23');
INSERT INTO `users_communities` (`user_id`, `community_id`) VALUES ('236', '142');
INSERT INTO `users_communities` (`user_id`, `community_id`) VALUES ('238', '24');
INSERT INTO `users_communities` (`user_id`, `community_id`) VALUES ('238', '143');
INSERT INTO `users_communities` (`user_id`, `community_id`) VALUES ('239', '25');
INSERT INTO `users_communities` (`user_id`, `community_id`) VALUES ('239', '144');
INSERT INTO `users_communities` (`user_id`, `community_id`) VALUES ('241', '26');
INSERT INTO `users_communities` (`user_id`, `community_id`) VALUES ('241', '145');
INSERT INTO `users_communities` (`user_id`, `community_id`) VALUES ('242', '27');
INSERT INTO `users_communities` (`user_id`, `community_id`) VALUES ('242', '146');
INSERT INTO `users_communities` (`user_id`, `community_id`) VALUES ('244', '28');
INSERT INTO `users_communities` (`user_id`, `community_id`) VALUES ('244', '147');
INSERT INTO `users_communities` (`user_id`, `community_id`) VALUES ('245', '29');
INSERT INTO `users_communities` (`user_id`, `community_id`) VALUES ('245', '148');
INSERT INTO `users_communities` (`user_id`, `community_id`) VALUES ('246', '30');
INSERT INTO `users_communities` (`user_id`, `community_id`) VALUES ('246', '149');
INSERT INTO `users_communities` (`user_id`, `community_id`) VALUES ('248', '31');
INSERT INTO `users_communities` (`user_id`, `community_id`) VALUES ('248', '150');
INSERT INTO `users_communities` (`user_id`, `community_id`) VALUES ('249', '32');
INSERT INTO `users_communities` (`user_id`, `community_id`) VALUES ('249', '151');
INSERT INTO `users_communities` (`user_id`, `community_id`) VALUES ('251', '33');
INSERT INTO `users_communities` (`user_id`, `community_id`) VALUES ('251', '152');
INSERT INTO `users_communities` (`user_id`, `community_id`) VALUES ('253', '34');
INSERT INTO `users_communities` (`user_id`, `community_id`) VALUES ('253', '153');
INSERT INTO `users_communities` (`user_id`, `community_id`) VALUES ('254', '35');
INSERT INTO `users_communities` (`user_id`, `community_id`) VALUES ('254', '154');
INSERT INTO `users_communities` (`user_id`, `community_id`) VALUES ('256', '36');
INSERT INTO `users_communities` (`user_id`, `community_id`) VALUES ('256', '155');
INSERT INTO `users_communities` (`user_id`, `community_id`) VALUES ('257', '37');
INSERT INTO `users_communities` (`user_id`, `community_id`) VALUES ('257', '156');
INSERT INTO `users_communities` (`user_id`, `community_id`) VALUES ('258', '38');
INSERT INTO `users_communities` (`user_id`, `community_id`) VALUES ('258', '157');
INSERT INTO `users_communities` (`user_id`, `community_id`) VALUES ('259', '39');
INSERT INTO `users_communities` (`user_id`, `community_id`) VALUES ('259', '158');
INSERT INTO `users_communities` (`user_id`, `community_id`) VALUES ('261', '40');
INSERT INTO `users_communities` (`user_id`, `community_id`) VALUES ('261', '159');
INSERT INTO `users_communities` (`user_id`, `community_id`) VALUES ('262', '41');
INSERT INTO `users_communities` (`user_id`, `community_id`) VALUES ('262', '160');
INSERT INTO `users_communities` (`user_id`, `community_id`) VALUES ('264', '42');
INSERT INTO `users_communities` (`user_id`, `community_id`) VALUES ('264', '161');
INSERT INTO `users_communities` (`user_id`, `community_id`) VALUES ('266', '43');
INSERT INTO `users_communities` (`user_id`, `community_id`) VALUES ('266', '162');
INSERT INTO `users_communities` (`user_id`, `community_id`) VALUES ('268', '44');
INSERT INTO `users_communities` (`user_id`, `community_id`) VALUES ('268', '163');
INSERT INTO `users_communities` (`user_id`, `community_id`) VALUES ('269', '45');
INSERT INTO `users_communities` (`user_id`, `community_id`) VALUES ('269', '164');
INSERT INTO `users_communities` (`user_id`, `community_id`) VALUES ('270', '46');
INSERT INTO `users_communities` (`user_id`, `community_id`) VALUES ('270', '165');
INSERT INTO `users_communities` (`user_id`, `community_id`) VALUES ('271', '47');
INSERT INTO `users_communities` (`user_id`, `community_id`) VALUES ('271', '166');
INSERT INTO `users_communities` (`user_id`, `community_id`) VALUES ('272', '48');
INSERT INTO `users_communities` (`user_id`, `community_id`) VALUES ('272', '167');
INSERT INTO `users_communities` (`user_id`, `community_id`) VALUES ('274', '49');
INSERT INTO `users_communities` (`user_id`, `community_id`) VALUES ('274', '168');
INSERT INTO `users_communities` (`user_id`, `community_id`) VALUES ('275', '50');
INSERT INTO `users_communities` (`user_id`, `community_id`) VALUES ('275', '169');
INSERT INTO `users_communities` (`user_id`, `community_id`) VALUES ('279', '51');
INSERT INTO `users_communities` (`user_id`, `community_id`) VALUES ('279', '170');
INSERT INTO `users_communities` (`user_id`, `community_id`) VALUES ('280', '52');
INSERT INTO `users_communities` (`user_id`, `community_id`) VALUES ('280', '171');
INSERT INTO `users_communities` (`user_id`, `community_id`) VALUES ('281', '53');
INSERT INTO `users_communities` (`user_id`, `community_id`) VALUES ('281', '172');
INSERT INTO `users_communities` (`user_id`, `community_id`) VALUES ('285', '54');
INSERT INTO `users_communities` (`user_id`, `community_id`) VALUES ('285', '173');
INSERT INTO `users_communities` (`user_id`, `community_id`) VALUES ('289', '55');
INSERT INTO `users_communities` (`user_id`, `community_id`) VALUES ('289', '174');
INSERT INTO `users_communities` (`user_id`, `community_id`) VALUES ('292', '56');
INSERT INTO `users_communities` (`user_id`, `community_id`) VALUES ('292', '175');
INSERT INTO `users_communities` (`user_id`, `community_id`) VALUES ('294', '57');
INSERT INTO `users_communities` (`user_id`, `community_id`) VALUES ('294', '176');
INSERT INTO `users_communities` (`user_id`, `community_id`) VALUES ('295', '58');
INSERT INTO `users_communities` (`user_id`, `community_id`) VALUES ('295', '177');
INSERT INTO `users_communities` (`user_id`, `community_id`) VALUES ('296', '59');
INSERT INTO `users_communities` (`user_id`, `community_id`) VALUES ('296', '178');
INSERT INTO `users_communities` (`user_id`, `community_id`) VALUES ('297', '60');
INSERT INTO `users_communities` (`user_id`, `community_id`) VALUES ('297', '179');
INSERT INTO `users_communities` (`user_id`, `community_id`) VALUES ('298', '61');
INSERT INTO `users_communities` (`user_id`, `community_id`) VALUES ('298', '180');
INSERT INTO `users_communities` (`user_id`, `community_id`) VALUES ('299', '62');
INSERT INTO `users_communities` (`user_id`, `community_id`) VALUES ('299', '181');
INSERT INTO `users_communities` (`user_id`, `community_id`) VALUES ('300', '63');
INSERT INTO `users_communities` (`user_id`, `community_id`) VALUES ('300', '182');
INSERT INTO `users_communities` (`user_id`, `community_id`) VALUES ('301', '64');
INSERT INTO `users_communities` (`user_id`, `community_id`) VALUES ('301', '183');
INSERT INTO `users_communities` (`user_id`, `community_id`) VALUES ('302', '65');
INSERT INTO `users_communities` (`user_id`, `community_id`) VALUES ('302', '184');
INSERT INTO `users_communities` (`user_id`, `community_id`) VALUES ('304', '66');
INSERT INTO `users_communities` (`user_id`, `community_id`) VALUES ('304', '185');
INSERT INTO `users_communities` (`user_id`, `community_id`) VALUES ('305', '67');
INSERT INTO `users_communities` (`user_id`, `community_id`) VALUES ('305', '186');
INSERT INTO `users_communities` (`user_id`, `community_id`) VALUES ('306', '68');
INSERT INTO `users_communities` (`user_id`, `community_id`) VALUES ('306', '187');
INSERT INTO `users_communities` (`user_id`, `community_id`) VALUES ('307', '69');
INSERT INTO `users_communities` (`user_id`, `community_id`) VALUES ('307', '188');
INSERT INTO `users_communities` (`user_id`, `community_id`) VALUES ('308', '70');
INSERT INTO `users_communities` (`user_id`, `community_id`) VALUES ('308', '189');
INSERT INTO `users_communities` (`user_id`, `community_id`) VALUES ('311', '71');
INSERT INTO `users_communities` (`user_id`, `community_id`) VALUES ('311', '190');
INSERT INTO `users_communities` (`user_id`, `community_id`) VALUES ('314', '72');
INSERT INTO `users_communities` (`user_id`, `community_id`) VALUES ('314', '191');
INSERT INTO `users_communities` (`user_id`, `community_id`) VALUES ('315', '73');
INSERT INTO `users_communities` (`user_id`, `community_id`) VALUES ('315', '192');
INSERT INTO `users_communities` (`user_id`, `community_id`) VALUES ('316', '74');
INSERT INTO `users_communities` (`user_id`, `community_id`) VALUES ('316', '193');
INSERT INTO `users_communities` (`user_id`, `community_id`) VALUES ('317', '75');
INSERT INTO `users_communities` (`user_id`, `community_id`) VALUES ('317', '194');
INSERT INTO `users_communities` (`user_id`, `community_id`) VALUES ('318', '76');
INSERT INTO `users_communities` (`user_id`, `community_id`) VALUES ('318', '195');
INSERT INTO `users_communities` (`user_id`, `community_id`) VALUES ('319', '77');
INSERT INTO `users_communities` (`user_id`, `community_id`) VALUES ('319', '196');
INSERT INTO `users_communities` (`user_id`, `community_id`) VALUES ('321', '78');
INSERT INTO `users_communities` (`user_id`, `community_id`) VALUES ('321', '197');
INSERT INTO `users_communities` (`user_id`, `community_id`) VALUES ('325', '79');
INSERT INTO `users_communities` (`user_id`, `community_id`) VALUES ('325', '198');
INSERT INTO `users_communities` (`user_id`, `community_id`) VALUES ('326', '80');
INSERT INTO `users_communities` (`user_id`, `community_id`) VALUES ('326', '199');
INSERT INTO `users_communities` (`user_id`, `community_id`) VALUES ('327', '81');
INSERT INTO `users_communities` (`user_id`, `community_id`) VALUES ('327', '200');
INSERT INTO `users_communities` (`user_id`, `community_id`) VALUES ('329', '82');
INSERT INTO `users_communities` (`user_id`, `community_id`) VALUES ('336', '83');
INSERT INTO `users_communities` (`user_id`, `community_id`) VALUES ('337', '84');
INSERT INTO `users_communities` (`user_id`, `community_id`) VALUES ('338', '85');
INSERT INTO `users_communities` (`user_id`, `community_id`) VALUES ('339', '86');
INSERT INTO `users_communities` (`user_id`, `community_id`) VALUES ('340', '87');
INSERT INTO `users_communities` (`user_id`, `community_id`) VALUES ('341', '88');
INSERT INTO `users_communities` (`user_id`, `community_id`) VALUES ('343', '89');
INSERT INTO `users_communities` (`user_id`, `community_id`) VALUES ('344', '90');
INSERT INTO `users_communities` (`user_id`, `community_id`) VALUES ('345', '91');
INSERT INTO `users_communities` (`user_id`, `community_id`) VALUES ('347', '92');
INSERT INTO `users_communities` (`user_id`, `community_id`) VALUES ('348', '93');
INSERT INTO `users_communities` (`user_id`, `community_id`) VALUES ('350', '94');
INSERT INTO `users_communities` (`user_id`, `community_id`) VALUES ('351', '95');
INSERT INTO `users_communities` (`user_id`, `community_id`) VALUES ('352', '96');
INSERT INTO `users_communities` (`user_id`, `community_id`) VALUES ('357', '97');
INSERT INTO `users_communities` (`user_id`, `community_id`) VALUES ('358', '98');
INSERT INTO `users_communities` (`user_id`, `community_id`) VALUES ('361', '99');
INSERT INTO `users_communities` (`user_id`, `community_id`) VALUES ('363', '100');
INSERT INTO `users_communities` (`user_id`, `community_id`) VALUES ('364', '101');
INSERT INTO `users_communities` (`user_id`, `community_id`) VALUES ('366', '102');
INSERT INTO `users_communities` (`user_id`, `community_id`) VALUES ('367', '103');
INSERT INTO `users_communities` (`user_id`, `community_id`) VALUES ('368', '104');
INSERT INTO `users_communities` (`user_id`, `community_id`) VALUES ('369', '105');
INSERT INTO `users_communities` (`user_id`, `community_id`) VALUES ('372', '106');
INSERT INTO `users_communities` (`user_id`, `community_id`) VALUES ('373', '107');
INSERT INTO `users_communities` (`user_id`, `community_id`) VALUES ('375', '108');
INSERT INTO `users_communities` (`user_id`, `community_id`) VALUES ('378', '109');
INSERT INTO `users_communities` (`user_id`, `community_id`) VALUES ('380', '110');
INSERT INTO `users_communities` (`user_id`, `community_id`) VALUES ('381', '111');
INSERT INTO `users_communities` (`user_id`, `community_id`) VALUES ('385', '112');
INSERT INTO `users_communities` (`user_id`, `community_id`) VALUES ('386', '113');
INSERT INTO `users_communities` (`user_id`, `community_id`) VALUES ('388', '114');
INSERT INTO `users_communities` (`user_id`, `community_id`) VALUES ('391', '115');
INSERT INTO `users_communities` (`user_id`, `community_id`) VALUES ('392', '116');
INSERT INTO `users_communities` (`user_id`, `community_id`) VALUES ('393', '117');
INSERT INTO `users_communities` (`user_id`, `community_id`) VALUES ('395', '118');
INSERT INTO `users_communities` (`user_id`, `community_id`) VALUES ('396', '119');


