INSERT INTO `furnitures` (`id`, `furniture_type`) VALUES ('1', 'two-tiered bed');
INSERT INTO `furnitures` (`id`, `furniture_type`) VALUES ('2', 'single bed');
INSERT INTO `furnitures` (`id`, `furniture_type`) VALUES ('3', 'DVD');
INSERT INTO `furnitures` (`id`, `furniture_type`) VALUES ('4', 'sofa');
INSERT INTO `furnitures` (`id`, `furniture_type`) VALUES ('5', 'TV');
INSERT INTO `furnitures` (`id`, `furniture_type`) VALUES ('6', 'refregerator');
INSERT INTO `furnitures` (`id`, `furniture_type`) VALUES ('7', 'kitchen');
INSERT INTO `furnitures` (`id`, `furniture_type`) VALUES ('8', 'double bed');

INSERT INTO `hotels` (`id`, `name`, `floors`, `is_road_nearly`, `position_lat`, `position_lon`, `stars`, `max_amount_living`, `has_pool`) VALUES ('1', 'ut', 12, 1, '48.26041300', '42.2023', 2, 0, 0);
INSERT INTO `hotels` (`id`, `name`, `floors`, `is_road_nearly`, `position_lat`, `position_lon`, `stars`, `max_amount_living`, `has_pool`) VALUES ('2', 'ut', 12, 0, '37.7430000', '39.409', 5, 0, 0);
INSERT INTO `hotels` (`id`, `name`, `floors`, `is_road_nearly`, `position_lat`, `position_lon`, `stars`, `max_amount_living`, `has_pool`) VALUES ('3', 'mollitia', 12, 0, '71.864', '20.0', 2, 0, 1);
INSERT INTO `hotels` (`id`, `name`, `floors`, `is_road_nearly`, `position_lat`, `position_lon`, `stars`, `max_amount_living`, `has_pool`) VALUES ('4', 'possimus', 12, 0, '27.618', '94.20960', 2, 0, 0);
INSERT INTO `hotels` (`id`, `name`, `floors`, `is_road_nearly`, `position_lat`, `position_lon`, `stars`, `max_amount_living`, `has_pool`) VALUES ('5', 'ut', 12, 0, '83.1137', '29.7915', 3, 0, 1);
INSERT INTO `hotels` (`id`, `name`, `floors`, `is_road_nearly`, `position_lat`, `position_lon`, `stars`, `max_amount_living`, `has_pool`) VALUES ('6', 'est', 12, 1, '24.1762', '65.854', 5, 0, 0);
INSERT INTO `hotels` (`id`, `name`, `floors`, `is_road_nearly`, `position_lat`, `position_lon`, `stars`, `max_amount_living`, `has_pool`) VALUES ('7', 'sunt', 12, 0, '89.149', '12.8022', 1, 0, 0);
INSERT INTO `hotels` (`id`, `name`, `floors`, `is_road_nearly`, `position_lat`, `position_lon`, `stars`, `max_amount_living`, `has_pool`) VALUES ('8', 'nihil', 12, 1, '62.514', '11.4830', 5, 0, 0);
INSERT INTO `hotels` (`id`, `name`, `floors`, `is_road_nearly`, `position_lat`, `position_lon`, `stars`, `max_amount_living`, `has_pool`) VALUES ('9', 'voluptatem', 12, 1, '10.8', '88.0', 5, 0, 0);
INSERT INTO `hotels` (`id`, `name`, `floors`, `is_road_nearly`, `position_lat`, `position_lon`, `stars`, `max_amount_living`, `has_pool`) VALUES ('10', 'sit', 12, 0, '68.223100', '37.77680', 5, 0, 1);
INSERT INTO `hotels` (`id`, `name`, `floors`, `is_road_nearly`, `position_lat`, `position_lon`, `stars`, `max_amount_living`, `has_pool`) VALUES ('11', 'sit', 12, 1, '59.7526', '15.33090', 1, 0, 0);
INSERT INTO `hotels` (`id`, `name`, `floors`, `is_road_nearly`, `position_lat`, `position_lon`, `stars`, `max_amount_living`, `has_pool`) VALUES ('12', 'eligendi', 12, 0, '41.306', '56.8162', 5, 0, 1);
INSERT INTO `hotels` (`id`, `name`, `floors`, `is_road_nearly`, `position_lat`, `position_lon`, `stars`, `max_amount_living`, `has_pool`) VALUES ('13', 'commodi', 12, 1, '35.5145', '80.509100', 4, 0, 0);
INSERT INTO `hotels` (`id`, `name`, `floors`, `is_road_nearly`, `position_lat`, `position_lon`, `stars`, `max_amount_living`, `has_pool`) VALUES ('14', 'adipisci', 12, 0, '29.961', '61.76290', 5, 0, 1);
INSERT INTO `hotels` (`id`, `name`, `floors`, `is_road_nearly`, `position_lat`, `position_lon`, `stars`, `max_amount_living`, `has_pool`) VALUES ('15', 'officia', 12, 1, '32.9428000', '45.8157', 4, 0, 0);
INSERT INTO `hotels` (`id`, `name`, `floors`, `is_road_nearly`, `position_lat`, `position_lon`, `stars`, `max_amount_living`, `has_pool`) VALUES ('16', 'dolorem', 12, 1, '13.9778', '17.5979', 5, 0, 1);
INSERT INTO `hotels` (`id`, `name`, `floors`, `is_road_nearly`, `position_lat`, `position_lon`, `stars`, `max_amount_living`, `has_pool`) VALUES ('17', 'quisquam', 12, 0, '33.99460', '27.6495000', 2, 0, 0);
INSERT INTO `hotels` (`id`, `name`, `floors`, `is_road_nearly`, `position_lat`, `position_lon`, `stars`, `max_amount_living`, `has_pool`) VALUES ('18', 'itaque', 12, 0, '23.544', '97.5819', 5, 0, 1);
INSERT INTO `hotels` (`id`, `name`, `floors`, `is_road_nearly`, `position_lat`, `position_lon`, `stars`, `max_amount_living`, `has_pool`) VALUES ('19', 'consectetur', 12, 1, '50.0', '35.673', 5, 0, 1);
INSERT INTO `hotels` (`id`, `name`, `floors`, `is_road_nearly`, `position_lat`, `position_lon`, `stars`, `max_amount_living`, `has_pool`) VALUES ('20', 'ut', 12, 1, '46.87600', '49.2350', 1, 0, 0);

INSERT INTO `hotel_numbers` (`id`, `room_floor`, `area`, `room_count`, `has_conditioner`, `has_balcony`, `window_view`, `wifi`, `accept_childs`, `accepts_animals`, `accepts_smokers`, `hotel_id`) VALUES ('1', 6, '20', 1, 1, 1, 'Unde saepe quisquam deserunt explicabo.', 'daily_cost', 1, 0, 1, '1');
INSERT INTO `hotel_numbers` (`id`, `room_floor`, `area`, `room_count`, `has_conditioner`, `has_balcony`, `window_view`, `wifi`, `accept_childs`, `accepts_animals`, `accepts_smokers`, `hotel_id`) VALUES ('2', 9, '20', 1, 0, 1, 'Minus vel in fugit eum nisi.', 'daily_cost', 0, 1, 1, '2');
INSERT INTO `hotel_numbers` (`id`, `room_floor`, `area`, `room_count`, `has_conditioner`, `has_balcony`, `window_view`, `wifi`, `accept_childs`, `accepts_animals`, `accepts_smokers`, `hotel_id`) VALUES ('3', 3, '20', 1, 1, 0, 'Eos quod ea qui distinctio quis et est.', 'free', 1, 1, 0, '3');
INSERT INTO `hotel_numbers` (`id`, `room_floor`, `area`, `room_count`, `has_conditioner`, `has_balcony`, `window_view`, `wifi`, `accept_childs`, `accepts_animals`, `accepts_smokers`, `hotel_id`) VALUES ('4', 2, '20', 1, 0, 0, 'Quia similique dolores autem.', 'free', 0, 1, 1, '4');
INSERT INTO `hotel_numbers` (`id`, `room_floor`, `area`, `room_count`, `has_conditioner`, `has_balcony`, `window_view`, `wifi`, `accept_childs`, `accepts_animals`, `accepts_smokers`, `hotel_id`) VALUES ('5', 8, '20', 1, 0, 1, 'Voluptates voluptas voluptate est autem exercitationem quisquam aliquid.', 'daily_cost', 0, 1, 1, '5');
INSERT INTO `hotel_numbers` (`id`, `room_floor`, `area`, `room_count`, `has_conditioner`, `has_balcony`, `window_view`, `wifi`, `accept_childs`, `accepts_animals`, `accepts_smokers`, `hotel_id`) VALUES ('6', 5, '40', 2, 1, 1, 'Accusamus magni doloribus ratione voluptate.', 'free', 1, 1, 1, '6');
INSERT INTO `hotel_numbers` (`id`, `room_floor`, `area`, `room_count`, `has_conditioner`, `has_balcony`, `window_view`, `wifi`, `accept_childs`, `accepts_animals`, `accepts_smokers`, `hotel_id`) VALUES ('7', 9, '40', 2, 0, 1, 'Praesentium debitis hic ut quos aut.', 'daily_cost', 1, 1, 1, '7');
INSERT INTO `hotel_numbers` (`id`, `room_floor`, `area`, `room_count`, `has_conditioner`, `has_balcony`, `window_view`, `wifi`, `accept_childs`, `accepts_animals`, `accepts_smokers`, `hotel_id`) VALUES ('8', 0, '40', 2, 1, 0, 'Nostrum consequuntur sed repellendus sunt vero.', 'daily_cost', 0, 1, 1, '8');
INSERT INTO `hotel_numbers` (`id`, `room_floor`, `area`, `room_count`, `has_conditioner`, `has_balcony`, `window_view`, `wifi`, `accept_childs`, `accepts_animals`, `accepts_smokers`, `hotel_id`) VALUES ('9', 8, '60', 3, 1, 0, 'Hic adipisci earum dolorem ducimus et et.', 'daily_cost', 1, 1, 0, '9');
INSERT INTO `hotel_numbers` (`id`, `room_floor`, `area`, `room_count`, `has_conditioner`, `has_balcony`, `window_view`, `wifi`, `accept_childs`, `accepts_animals`, `accepts_smokers`, `hotel_id`) VALUES ('10', 6, '60', 3, 1, 0, 'Quis velit numquam debitis fugiat non.', 'daily_cost', 1, 0, 1, '10');
INSERT INTO `hotel_numbers` (`id`, `room_floor`, `area`, `room_count`, `has_conditioner`, `has_balcony`, `window_view`, `wifi`, `accept_childs`, `accepts_animals`, `accepts_smokers`, `hotel_id`) VALUES ('11', 4, '60', 3, 1, 1, 'Et et voluptatem est incidunt.', 'daily_cost', 1, 0, 1, '11');
INSERT INTO `hotel_numbers` (`id`, `room_floor`, `area`, `room_count`, `has_conditioner`, `has_balcony`, `window_view`, `wifi`, `accept_childs`, `accepts_animals`, `accepts_smokers`, `hotel_id`) VALUES ('12', 3, '60', 3, 1, 0, 'Ea nobis repudiandae nihil libero quis accusantium quis.', 'daily_cost', 0, 1, 0, '12');
INSERT INTO `hotel_numbers` (`id`, `room_floor`, `area`, `room_count`, `has_conditioner`, `has_balcony`, `window_view`, `wifi`, `accept_childs`, `accepts_animals`, `accepts_smokers`, `hotel_id`) VALUES ('13', 3, '80', 4, 0, 1, 'Minima itaque minus atque perferendis non vel corrupti.', 'daily_cost', 0, 1, 0, '13');
INSERT INTO `hotel_numbers` (`id`, `room_floor`, `area`, `room_count`, `has_conditioner`, `has_balcony`, `window_view`, `wifi`, `accept_childs`, `accepts_animals`, `accepts_smokers`, `hotel_id`) VALUES ('14', 0, '80', 4, 1, 0, 'Asperiores non enim minus est quis omnis tempora.', 'free', 0, 0, 0, '14');
INSERT INTO `hotel_numbers` (`id`, `room_floor`, `area`, `room_count`, `has_conditioner`, `has_balcony`, `window_view`, `wifi`, `accept_childs`, `accepts_animals`, `accepts_smokers`, `hotel_id`) VALUES ('15', 5, '80', 4, 1, 0, 'Quo est tempore at dolores.', 'free', 1, 1, 0, '15');

INSERT INTO `hotel_photos` (`id`, `media_url`, `hotel_id`) VALUES ('1', 'http://jacobibraun.net/', '1');
INSERT INTO `hotel_photos` (`id`, `media_url`, `hotel_id`) VALUES ('2', 'http://www.morarernser.net/', '2');
INSERT INTO `hotel_photos` (`id`, `media_url`, `hotel_id`) VALUES ('3', 'http://www.bechtelarpurdy.com/', '3');
INSERT INTO `hotel_photos` (`id`, `media_url`, `hotel_id`) VALUES ('4', 'http://www.ryan.com/', '4');
INSERT INTO `hotel_photos` (`id`, `media_url`, `hotel_id`) VALUES ('5', 'http://bauch.com/', '5');
INSERT INTO `hotel_photos` (`id`, `media_url`, `hotel_id`) VALUES ('6', 'http://botsfordcrooks.org/', '6');
INSERT INTO `hotel_photos` (`id`, `media_url`, `hotel_id`) VALUES ('7', 'http://www.kundebrakus.com/', '7');
INSERT INTO `hotel_photos` (`id`, `media_url`, `hotel_id`) VALUES ('8', 'http://hauck.com/', '8');
INSERT INTO `hotel_photos` (`id`, `media_url`, `hotel_id`) VALUES ('9', 'http://www.blickbrown.org/', '9');
INSERT INTO `hotel_photos` (`id`, `media_url`, `hotel_id`) VALUES ('10', 'http://www.brekke.com/', '10');
INSERT INTO `hotel_photos` (`id`, `media_url`, `hotel_id`) VALUES ('11', 'http://www.hills.com/', '11');
INSERT INTO `hotel_photos` (`id`, `media_url`, `hotel_id`) VALUES ('12', 'http://www.armstrong.biz/', '12');
INSERT INTO `hotel_photos` (`id`, `media_url`, `hotel_id`) VALUES ('13', 'http://www.denesikkirlin.net/', '13');
INSERT INTO `hotel_photos` (`id`, `media_url`, `hotel_id`) VALUES ('14', 'http://www.langoshmueller.com/', '14');
INSERT INTO `hotel_photos` (`id`, `media_url`, `hotel_id`) VALUES ('15', 'http://www.barrowsdooley.net/', '15');

INSERT INTO `plumbings` (`id`, `plumbing_type`, `producer`) VALUES ('1', 'bath', 'IKEA1');
INSERT INTO `plumbings` (`id`, `plumbing_type`, `producer`) VALUES ('2', 'toilet', 'IKEA1');
INSERT INTO `plumbings` (`id`, `plumbing_type`, `producer`) VALUES ('3', 'bath', 'IKEA2');
INSERT INTO `plumbings` (`id`, `plumbing_type`, `producer`) VALUES ('4', 'bath', 'IKEA3');
INSERT INTO `plumbings` (`id`, `plumbing_type`, `producer`) VALUES ('5', 'shower', 'IKEA1');
INSERT INTO `plumbings` (`id`, `plumbing_type`, `producer`) VALUES ('6', 'bath', 'IKEA4');
INSERT INTO `plumbings` (`id`, `plumbing_type`, `producer`) VALUES ('7', 'shower', 'IKEA2');
INSERT INTO `plumbings` (`id`, `plumbing_type`, `producer`) VALUES ('8', 'toilet', 'IKEA2');
INSERT INTO `plumbings` (`id`, `plumbing_type`, `producer`) VALUES ('9', 'shower', 'IKEA3');
INSERT INTO `plumbings` (`id`, `plumbing_type`, `producer`) VALUES ('10', 'shower', 'IKEA4');
INSERT INTO `plumbings` (`id`, `plumbing_type`, `producer`) VALUES ('11', 'shower', 'IKEA5');
INSERT INTO `plumbings` (`id`, `plumbing_type`, `producer`) VALUES ('12', 'shower', 'IKEA6');
INSERT INTO `plumbings` (`id`, `plumbing_type`, `producer`) VALUES ('13', 'toilet', 'IKEA3');
INSERT INTO `plumbings` (`id`, `plumbing_type`, `producer`) VALUES ('14', 'toilet', 'IKEA4');
INSERT INTO `plumbings` (`id`, `plumbing_type`, `producer`) VALUES ('15', 'shower', 'IKEA7');

insert into `eatings` (`id`, `eating_type`) values ('1', 'breakfast');
insert into `eatings` (`id`, `eating_type`) values ('2', 'dinner');
insert into `eatings` (`id`, `eating_type`) values ('3', 'supper');
insert into `eatings` (`id`, `eating_type`) values ('4', 'order_room');

INSERT INTO `eating_hotel_relation` (`id`, `hotel_id`, `eating_id`) VALUES ('1', '1', '1');
INSERT INTO `eating_hotel_relation` (`id`, `hotel_id`, `eating_id`) VALUES ('2', '2', '2');
INSERT INTO `eating_hotel_relation` (`id`, `hotel_id`, `eating_id`) VALUES ('3', '3', '3');
INSERT INTO `eating_hotel_relation` (`id`, `hotel_id`, `eating_id`) VALUES ('4', '4', '4');
INSERT INTO `eating_hotel_relation` (`id`, `hotel_id`, `eating_id`) VALUES ('5', '5', '1');
INSERT INTO `eating_hotel_relation` (`id`, `hotel_id`, `eating_id`) VALUES ('6', '6', '2');
INSERT INTO `eating_hotel_relation` (`id`, `hotel_id`, `eating_id`) VALUES ('7', '7', '3');
INSERT INTO `eating_hotel_relation` (`id`, `hotel_id`, `eating_id`) VALUES ('8', '8', '4');
INSERT INTO `eating_hotel_relation` (`id`, `hotel_id`, `eating_id`) VALUES ('9', '9', '1');
INSERT INTO `eating_hotel_relation` (`id`, `hotel_id`, `eating_id`) VALUES ('10', '10', '2');
INSERT INTO `eating_hotel_relation` (`id`, `hotel_id`, `eating_id`) VALUES ('11', '11', '3');
INSERT INTO `eating_hotel_relation` (`id`, `hotel_id`, `eating_id`) VALUES ('12', '12', '4');
INSERT INTO `eating_hotel_relation` (`id`, `hotel_id`, `eating_id`) VALUES ('13', '13', '1');
INSERT INTO `eating_hotel_relation` (`id`, `hotel_id`, `eating_id`) VALUES ('14', '14', '2');
INSERT INTO `eating_hotel_relation` (`id`, `hotel_id`, `eating_id`) VALUES ('15', '15', '3');

INSERT INTO `furniture_room_relation` (`id`, `hotel_number_id`, `furniture_id`) VALUES ('1', '1', '1');
INSERT INTO `furniture_room_relation` (`id`, `hotel_number_id`, `furniture_id`) VALUES ('2', '2', '2');
INSERT INTO `furniture_room_relation` (`id`, `hotel_number_id`, `furniture_id`) VALUES ('3', '3', '3');
INSERT INTO `furniture_room_relation` (`id`, `hotel_number_id`, `furniture_id`) VALUES ('4', '4', '4');
INSERT INTO `furniture_room_relation` (`id`, `hotel_number_id`, `furniture_id`) VALUES ('5', '5', '5');
INSERT INTO `furniture_room_relation` (`id`, `hotel_number_id`, `furniture_id`) VALUES ('6', '6', '6');
INSERT INTO `furniture_room_relation` (`id`, `hotel_number_id`, `furniture_id`) VALUES ('7', '7', '7');
INSERT INTO `furniture_room_relation` (`id`, `hotel_number_id`, `furniture_id`) VALUES ('8', '8', '8');
INSERT INTO `furniture_room_relation` (`id`, `hotel_number_id`, `furniture_id`) VALUES ('9', '9', '1');
INSERT INTO `furniture_room_relation` (`id`, `hotel_number_id`, `furniture_id`) VALUES ('10', '10', '2');
INSERT INTO `furniture_room_relation` (`id`, `hotel_number_id`, `furniture_id`) VALUES ('11', '11', '3');
INSERT INTO `furniture_room_relation` (`id`, `hotel_number_id`, `furniture_id`) VALUES ('12', '12', '4');
INSERT INTO `furniture_room_relation` (`id`, `hotel_number_id`, `furniture_id`) VALUES ('13', '13', '5');
INSERT INTO `furniture_room_relation` (`id`, `hotel_number_id`, `furniture_id`) VALUES ('14', '14', '6');
INSERT INTO `furniture_room_relation` (`id`, `hotel_number_id`, `furniture_id`) VALUES ('15', '15', '7');


INSERT INTO `plumbing_room_relation` (`id`, `hotel_number_id`, `plumbing_id`) VALUES ('1', '1', '1');
INSERT INTO `plumbing_room_relation` (`id`, `hotel_number_id`, `plumbing_id`) VALUES ('2', '2', '2');
INSERT INTO `plumbing_room_relation` (`id`, `hotel_number_id`, `plumbing_id`) VALUES ('3', '3', '3');
INSERT INTO `plumbing_room_relation` (`id`, `hotel_number_id`, `plumbing_id`) VALUES ('4', '4', '4');
INSERT INTO `plumbing_room_relation` (`id`, `hotel_number_id`, `plumbing_id`) VALUES ('5', '5', '5');
INSERT INTO `plumbing_room_relation` (`id`, `hotel_number_id`, `plumbing_id`) VALUES ('6', '6', '6');
INSERT INTO `plumbing_room_relation` (`id`, `hotel_number_id`, `plumbing_id`) VALUES ('7', '7', '7');
INSERT INTO `plumbing_room_relation` (`id`, `hotel_number_id`, `plumbing_id`) VALUES ('8', '8', '8');
INSERT INTO `plumbing_room_relation` (`id`, `hotel_number_id`, `plumbing_id`) VALUES ('9', '9', '9');
INSERT INTO `plumbing_room_relation` (`id`, `hotel_number_id`, `plumbing_id`) VALUES ('10', '10', '10');
INSERT INTO `plumbing_room_relation` (`id`, `hotel_number_id`, `plumbing_id`) VALUES ('11', '11', '11');
INSERT INTO `plumbing_room_relation` (`id`, `hotel_number_id`, `plumbing_id`) VALUES ('12', '12', '12');
INSERT INTO `plumbing_room_relation` (`id`, `hotel_number_id`, `plumbing_id`) VALUES ('13', '13', '13');
INSERT INTO `plumbing_room_relation` (`id`, `hotel_number_id`, `plumbing_id`) VALUES ('14', '14', '14');
INSERT INTO `plumbing_room_relation` (`id`, `hotel_number_id`, `plumbing_id`) VALUES ('15', '15', '15');
